"Apresentador","Título","Área","Orientador","Avaliador","Último Estado"
"Abner Vinicius Oles de Mello","TENACIDADE À FRATURA POR INDENTAÇÃO DE VITROCERÂMICAS DE DISSILICATO DE LÍTIO","Ciências Exatas e da Terra","Francisco Carlos Serbena","Andressa Novatski","Trabalho aceito"
"Adrian Pontes de Paula Ferreira","ESTUDO DA ESTAMPABILIDADE CRIOGÊNICA DE UMA CHAPA DE AÇO INOXIDÁVEL AISI 430 Continuação: Influência da taxa de deformação","Engenharias","Osvaldo Mitsuyuki Cintho","Márcio Ferreira Hupalo","Trabalho aceito"
"Agatha Sewczuk Freitas","MUSEU E HISTÓRIA DA EDUCAÇÃO ESCOLAR: CULTURA MATERIAL ESCOLAR","Ciências Humanas","Paulo Eduardo Dias de Mello","Maria Isabel Moura Nascimento","Trabalho aceito"
"Aiury Ribeiro de Souza","AVALIAÇÃO DA ESCALA DE EVARUCI E SUA RELAÇÃO COM A ESCALA SOFA SCORE","Ciências da Saúde","Péricles Martim Reche","Lidia Dalgallo Zarpellon","Trabalho aceito"
"Alaf Dzulinski de Almeida","SMART CITY, ESPORTE E LAZER: ANÁLISE DOS ESPAÇOS PÚBLICOS DE ESPORTE E LAZER DA CIDADE DE PONTA GROSSA/PR CONECTADOS COM TECNOLOGIAS DIGITAIS","Ciências Sociais Aplicadas","Alfredo Cesar Antunes","Alex Sander Souza do Carmo","Trabalho aceito"
"Alana Vitoria da Silva","EDUCAÇÃO PARA A PAZ E SERVIÇO SOCIAL NA ESCOLA: CAMINHOS PARA UMA  CULTURA DE PAZ","Ciências Humanas","Nei Alberto Salles Filho","Maria Isabel Moura Nascimento","Trabalho aceito"
"Alessandra de Oliveira Pacheco","DESENVOLVIMENTO DE SORBET DE MAÇÃ PRÉBIOTICO E PROBIÓTICO","Ciências Agrárias","Aline Alberti","Eliane Dalva Godoy","Trabalho aceito"
"Alex dos Santos Kusdra da Silva","PRODUÇÃO DE BEADS DE ALGINATO FUNCIONALIZADOS COM NANOPARTÍCULAS METÁLICAS.","Ciências Exatas e da Terra","Adriano Gonçalves Viana","Rosane Falate","Trabalho aceito"
"Alex Roberto Marques","CASOS DE RACISMO NO FUTEBOL BRASILEIRO FRENTE A NOVA LEI GERAL DO ESPORTE","Ciências Sociais Aplicadas","Natasha Santos Lise","Alex Sander Souza do Carmo","Trabalho aceito"
"Alexandra Panzarini","AVALIAÇÃO DO POTENCIAL ANTIMICROBIANO DE ESPÉCIES de Kalanchoe (Crassulaceae)","Ciências da Saúde","Flávio Luís Beltrame","Jane Manfron","Trabalho aceito"
"Alexandra Rodrigues Nunes dos Santos","ESTUDO DA SUBSTITUIÇÃO DE FONTES LIPÍDICAS CONVENCIONAIS POR BIGÉIS EM COOKIES","Ciências Agrárias","Marina Tolentino Marinho","Eliane Dalva Godoy","Trabalho aceito"
"Alexsandra Camargo Moreira","EFEITOS DA ADMINISTRAÇÃO DE GESTRINONA SOBRE A MASSA CORPORAL DE RATAS OBESAS POR INGESTÃO DE DIETA HIPERLIPÍDICA","Ciências Biológicas","Rosane Aparecida Ribeiro","Susete Wambier Christo","Trabalho aceito"
"Alice Carneiro Nusda","Análise da adesão de higiene das mãos pela equipe interprofissional em unidade de terapia intensiva adulto","Ciências da Saúde","Maria Dagmar da Rocha Gaspar","Luis Antonio Esmerino","Trabalho aceito"
"Aline Ossovski Dias","PICO DE VELOCIDADE EM JOVENS ATLETAS: UM ESTUDO COM JOGADORES DE FUTEBOL QUE VIVENCIAM PROCESSO DE FORMAÇÃO ESPORTIVA","Ciências Biológicas","Bruno Pedroso","","Para avaliação"
"ALINY IANK LAROCA","Percepções de Crianças Acerca do Cirurgião-Dentista: Uma Abordagem Qualitativa","Ciências da Saúde","Cristina Berger Fadel","Pollyanna Kássia de Oliveira Borges","Trabalho aceito"
"Alisson Junior dos Santos","RENDIMENTO DE ETANOL DE SORGO SACARINO E SORGO GRANÍFERO","Ciências Agrárias","Pedro Henrique Weirich Neto","Eliane Dalva Godoy","Trabalho aceito"
"Alisson Machado Taborda","AVALIAÇÃO DO MÉTODO DE ESPECTROFOTOMETRIA UVVIS PARA DETERMINAÇÃO DE TRICLOSAN EM AMOSTRAS DE ÁGUA","Ciências Exatas e da Terra","Sandro Xavier de Campos","Andressa Novatski","Trabalho aceito"
"Alisson Marcelo dos Santos","O PROCESSO DE IMPLEMENTAÇÃO DA POLÍTICA INTERSETORIAL DE  ENFRENTAMENTO ÀS VIOLÊNCIAS CONTRA CRIANÇAS E ADOLESCENTES NA REGIÃO DOS CAMPOS GERAIS","Ciências Sociais Aplicadas","Cleide Lavoratti","Jussara Ayres Bourguignon","Trabalho aceito"
"Allan Roberto Tizon","TECNOLOGIAS DIGITAIS E EDUCAÇÃO MUSICAL: UMA REVISÃO BIBLIOGRÁFICA DA LITERATURA INTERNACIONAL","Linguística, Letras e Artes","Egon Eduardo Sebben","Josie Agatha Parrilha da Silva","Trabalho aceito"
"Allana da Silva Barbosa","O DECRETO DE UM ESTADO DE CALAMIDADE PÚBLICA NO BRASIL RESPECTIVO AO AQUECIMENTO GLOBAL: UMA REVISÃO BIBLIOGRÁFICA","Ciências Sociais Aplicadas","Lislei Teresinha Preuss","Jussara Ayres Bourguignon","Trabalho aceito"
"Amanda Baba","O USO DE METODOLOGIAS ATIVAS NA ARTE EDUCAÇÃO EM PROL DE UMA EDUCAÇÃO INCLUSIVA","Linguística, Letras e Artes","Adriana Rodrigues Suarez","Josie Agatha Parrilha da Silva","Trabalho aceito"
"Amanda Bahls","Remissão de sintomas da COVID Longa em adultos de meia idade","Ciências da Saúde","Pollyanna Kássia de Oliveira Borges","Lidia Dalgallo Zarpellon","Trabalho aceito"
"Amanda Gluskoski Padilha","A NÃO-OBRIGATORIEDADE DO ENSINO DE LÍNGUA ESPANHOLA NA ESCOLA: UMA DISCUSSÃO DE POLÍTICA LINGUÍSTICA","Linguística, Letras e Artes","Djane Antonucci Correa","Alvaro Kasuaki Fujihara","Trabalho aceito"
"Amanda Leticia Wandoski","VALORIZAÇÃO DOS RESÍDUOS DA AGROINDUSTRIA DA ERVA MATE ATRAVÉS DA PRODUÇÃO DE CELULOSE BACTERIANA","Ciências Agrárias","Aline Alberti","Eliane Dalva Godoy","Trabalho aceito"
"Amanda Lopatko Richter","ESTUDO DOS PARÂMETROS DE PANIFICAÇÃO PARA UTILIZAÇÃO DE MIX DE COADJUVANTES DE TECNOLOGIA EM FARINHAS DE TRIGO DA REGIÃO DE PONTA GROSSA - PR","Ciências Agrárias","Ivo Mottin Demiate","Eliane Dalva Godoy","Trabalho aceito"
"Amanda Maria Maia","Literacia Digital em Saúde e pessoas idosas da comunidade","Ciências da Saúde","Jacy Aurelia Vieira de Sousa","Lidia Dalgallo Zarpellon","Trabalho aceito"
"Amanda Nelissa Kraiczyi Felix","COMPARATIVO ENTRE AS ESCALAS DE BRADEN E EVARUCI PARA PREDIÇÃO DO RISCO DE LESÃO POR PRESSÃO EM UNIDADE DE TERAPIA INTENSIVA","Ciências da Saúde","Péricles Martim Reche","Lidia Dalgallo Zarpellon","Trabalho aceito"
"Amanda Sutil Greszesczak","POTENCIAL DE UTILIZAÇÃO DE DIFERENTES TIPOS DE RESÍDUOS PLÁSTICOS NA PAVIMENTAÇÃO: UMA REVISÃO CIENTÍFICA","Engenharias","Lilian Tais de Gouveia","Gabriela Mazureki Campos Bahniuk","Trabalho aceito"
"Amanda Weigert Martins","O ABANDONO FAMILIAR DA MULHER ENCARCERADA: ANÁLISE DAS IMPLICAÇÕES JURÍDICAS NA MANUTENÇÃO DO VÍNCULO ENTRE MÃES APENADAS E SEUS FILHOS","Ciências Sociais Aplicadas","Dirce do Nascimento Pereira","Eliezer Gomes da Silva","Trabalho aceito"
"Ana Beatriz Burigo Felix","DETERMINAÇÃO DAS PROPRIEDADES ESTRUTURAIS E ÓPTICAS DE VIDROS TELURETOS NO SISTEMA TeO2-BaO-ZnO","Ciências Exatas e da Terra","Andressa Novatski","Rosane Falate","Trabalho aceito"
"Ana Beatriz Danilenko","SÍNTESE DE HIDROGÉIS DE GOMA ARÁBICA FUNCIONALIZADOS COM  NANOPARTÍCULAS DE PRATA.","Ciências Exatas e da Terra","Adriano Gonçalves Viana","Cássia Gonçalves Magalhães","Trabalho aceito"
"Ana Beatriz de Lima","CIÊNCIA CIDADÃ EM AÇÃO: MAPEAMENTO DA BIODIVERSIDADE DO PARQUE ESTADUAL DO VALE DO CODÓ (JAGUARIAÍVA-PR)","Ciências Biológicas","Cristiane Colodel","Susete Wambier Christo","Trabalho aceito"
"Ana Beatriz de Mello","A ESPECTROSCOPIA E AS MULHERES CIENTISTAS","Ciências Exatas e da Terra","Christiane Philippini Ferreira Borges","Andressa Novatski","Trabalho aceito"
"Ana Beatriz de Oliveira","ESTUDO DO CÂNCER NO CONTEXTO DA MECÂNICA QUÂNTICA","Ciências Exatas e da Terra","Antonio Sérgio Magalhães de Castro","Rosane Falate","Trabalho aceito"
"Ana Beatriz de Paiva Ramos","A cobertura política do podcast Medo e Delírio em Brasília durante as Eleições Presidenciais de 2022","Ciências Sociais Aplicadas","Carlos Alberto de Souza","Hebe Maria Gonçalves de Oliveira","Trabalho aceito"
"Ana Carolina da Maia","Controle biológico de mofo branco por espécies de Trichoderma em couve-flor","Ciências Agrárias","Amanda Regina Godoy Baptistão","Eliane Dalva Godoy","Trabalho aceito"
"Ana Carolina Hass","CONCENTRAÇÃO IDEAL DE ALUMÍNIO EM SOLUÇÃO MÍNIMA PARA PROSPECÇÃO DE LINHAGENS DE TRIGO TOLERANTES","Ciências Agrárias","Rodrigo Rodrigues Matiello","Eduardo Augusto Agnellos Barbosa","Trabalho aceito"
"Ana Carolina Moresco","DESENVOLVIMENTO E AVALIAÇÃO DE FORMA FARMACÊUTICA TÓPICA PARA A INCORPORAÇÃO DE EXTRATO DE Piper amalago L. PARA O CLAREAMENTO DO MELASMA","Ciências da Saúde","Paulo Vitor Farago","Andressa Novatski","Trabalho aceito"
"Ana Caroline da Silva","Teoria Avançada de Matrizes: Uma investigação de técnicas e propriedades especiais","Ciências Exatas e da Terra","Marciano Pereira","Giuliano Gadioli La Guardia","Trabalho aceito"
"Ana Clara Bolzan Franco","TEORIAS DECOLONIAIS  E A PRODUÇÃO DIDÁTICA DE HISTÓRIA NO PNLD 2024","Ciências Humanas","Paulo Eduardo Dias de Mello","Simone Regina Manosso Cartaxo","Trabalho aceito"
"Ana Clara Kuczmy Santos","AÇÃO ANTIBACTERIANA DOS ÓLEOS ESSENCIAIS DE CANELA (Cinnamomum verum), TOMILHO (Thymus vulgaris) E MELALEUCA (Melaleuca alternifolia) CONTRA Streptoco","Ciências da Saúde","Shelon Cristina Souza Bandeca","Luis Antonio Esmerino","Trabalho recusado"
"Ana Clara Machado Schroeder e Oliveira","MULHERES EM CARGOS DIRETIVOS NAS CONFEDERAÇÕES ESPORTIVAS BRASILEIRAS","Ciências Sociais Aplicadas","Miguel Archanjo de Freitas Júnior","Hebe Maria Gonçalves de Oliveira","Trabalho aceito"
"Ana Clara Possamai Moraes","A PREVALÊNCIA NO USO DE CIGARRO ELETRÔNICO E ANÁLISE DOS RISCOS À SAÚDE ENTRE OS ESTUDANTES DE MEDICINA DA UNIVERSIDADE ESTADUAL DE PONTA GROSSA EM 2023","Ciências da Saúde","Ricardo Zanetti Gomes","Luis Antonio Esmerino","Trabalho aceito"
"Ana Eduarda Staudt","POTENCIAL DE SUBSTITUIÇÃO DE ATRAZINA POR TERBUTILAZINA PARA O CONTROLE DE PLANTAS DANINHAS NA CULTURA DO MILHO","Ciências Agrárias","Giliardi Dalazen","","Trabalho recusado"
"Ana Elisa Garcia Evers","SÍNTESE, CARACTERIZAÇÃO E AVALIAÇÃO DA CITOTOXICIDADE DE METOXICHALCONAS COMO POTENCIAIS ANTIMELANOGÊNICOS","Ciências Exatas e da Terra","Barbara Celânia Fiorin","","Para avaliação"
"Ana Emanuelly da Silva","George Sand e a subversão ao critério moral de avaliação de romances no século XIX","Linguística, Letras e Artes","Andrea Correa Paraiso Muller","","Para avaliação"
"Ana Helena Machado","Dinâmicas Urbanas em Ponta Grossa - PR: o método PSSS como alternativa para a leitura do Bairro Oficinas","Ciências Humanas","Nisiane Madalozzo Wambier","Luiz Alexandre Gonçalves Cunha","Trabalho aceito"
"Ana Kaori Sato","DEFICIÊNCIA DE VITAMINA A E DEFORMIDADE DO OSSO OPERCULAR EM TILÁPIAS DO NILO ALIMENTADOS COM DIETAS DEFICIENTES EM VITAMINA A","Ciências Agrárias","Wilson Massamitu Furuya","Eduardo Augusto Agnellos Barbosa","Trabalho aceito"
"Ana Karla Aparecida da Mota Moreira","ÀS BORDAS DA ALTA-COSTURA: VISIBILIZANDO AS COSTUREIRAS DE DILMA OZÓRIO NO MUSEU CAMPOS GERAIS COM A HISTÓRIA PÚBLICA","Ciências Humanas","Robson Laverdi","Maria Isabel Moura Nascimento","Trabalho aceito"
"Ana Luiza Gilioli Boito","Diversidade de Melastomataceae na UEPG (Campus Uvaranas) e do Herbário HUPG","Ciências Biológicas","Rosângela Capuano Tardivo Müller","","Para avaliação"
"Ana Luiza Vieira de Lara","CIRURGIA SEGURA E A APLICAÇÃO DO CHECKLIST EM PACIENTES COM TRAUMA ORTOPÉDICOS: UMA REVISÃO SISTEMÁTICA DA LITERATURA","Ciências da Saúde","Ricardo Zanetti Gomes","","Para avaliação"
"Ana Maria Presaniuk Martins","Diferentes métodos de propagação em Cissus verticillata","Ciências Agrárias","Ricardo Antonio Ayub","Eduardo Augusto Agnellos Barbosa","Trabalho recusado"
"Ana Paula da Graça Ranchil Rocha","AVALIAÇÃO DA CITOTOXICIDADE DOS ÓLEOS ESSENCIAIS CÍTRICOS DE LARANJA DOCE, LIMÃO SICILIANO E BERGAMOTA EM CÉLULAS JURKAT","Ciências Biológicas","Carla Cristine Kanunfre","Dionízia Xavier Scomparin","Trabalho aceito"
"Ana Paula Natal","O IMPACTO DA CONVIVÊNCIA EM AREAS VERDES NA SAUDE MENTAL DE ESTUDANTES UNIVERSITÁRIOS  DA UEPG","Ciências Exatas e da Terra","Sandro Xavier de Campos","Giuliano Gadioli La Guardia","Trabalho aceito"
"Ana Sofia Ferreira da Silva","EXPLORANDO O POTENCIAL MULTIFUNCIONAL DO BAGAÇO DE MALTE COMO ADITIVO ALIMENTAR","Ciências Agrárias","Juliana Bonametti Olivato","Eliane Dalva Godoy","Trabalho aceito"
"Analice Silva dos Santos","CONVERSOR CC-CC ZETA COM REDUZIDA ONDULAÇÃO DE CORRENTE DE ENTRADA","Engenharias","Zito Palhano da Fonseca","Márcio Ferreira Hupalo","Trabalho aceito"
"Andre Parise Foltran","INVESTIGAÇÃO DOS FATORES DE RISCO ASSOCIADOS A MORTALIDADE EM UTIS","Ciências da Saúde","Péricles Martim Reche","Lidia Dalgallo Zarpellon","Trabalho aceito"
"ANDRE ROGESKI BOA MARZOLA","INOCULAÇÃO COM Azospirillum brasilense ASSOCIADA AO USO DE GESSO AGRÍCOLA E FONTES DE NITROGÊNIO NO RENDIMENTO DE TRIGO EM SISTEMA PLANTIO DIRETO","Ciências Agrárias","Eduardo Fávero Caires","","Trabalho aceito"
"Andre Saad Cleto","Fatores preditores de óbito em pessoas vivendo com HIV ou AIDS nos Campos Gerais","Ciências da Saúde","Erildo Vicente Müller","","Para avaliação"
"Andrey dos Santos Correia","PARENTALIDADE SEM PAPÉIS DE GÊNERO: POSSIBILIDADE JURÍDICA E A CONSTRUÇÃO DE PARENTALIDADE NA ADOÇÃO HOMOAFETIVA","Ciências Sociais Aplicadas","Maria Cristina Baluta","Eliezer Gomes da Silva","Trabalho aceito"
"Andrey Eduardo Malinoscky","AUTORITARISMO E RESISTÊNCIA UM ESTUDO DAS CRÍTICAS SOCIAIS EM DISTOPIAS","Linguística, Letras e Artes","Evanir Pavloski","","Para avaliação"
"Andrey Max Idem Pereira","Perfil microbiológico das infecções em unidade de terapia intensiva","Ciências da Saúde","Maria Dagmar da Rocha Gaspar","","Trabalho recusado"
"André da Rocha","O PROCESSO DE INCLUSÃO DE PESSOAS COM DEFICIÊNCIA FÍSICA NA NATAÇÃO DE RENDIMENTO","Ciências Sociais Aplicadas","Natasha Santos Lise","Alex Sander Souza do Carmo","Trabalho aceito"
"Angelo Augusto Levandoski Ferrando","EFEITO DE DIFERENTES ESTIRPES DE Azospirillum NA INOCULAÇÃO DO TRIGO EM CONDIÇÕES DE ESTRESSE HÍDRICO","Ciências Biológicas","Rafael Mazer Etto","Susete Wambier Christo","Trabalho aceito"
"Anna Catharina de Groot","UTILIZAÇÃO DE LIPASE EM QUEIJO DE LEITE DE CABRA: EFEITO NAS CARACTERÍSTICAS FÍSICO-QUÍMICAS, DE TEXTURA E DE COR","Ciências Agrárias","Renata Dinnies Santos Salem","Adriana de Souza Martins","Trabalho aceito"
"Anna Laura Rodrigues da Silva","A CONSTITUIÇÃO DE UM FLUXO DE ATENDIMENTO ÀS MULHERES EM SITUAÇÃO DE VIOLÊNCIA NO CONTEXTO DA REDE DE ENFRENTAMENTO A VIOLÊNCIA CONTRA A MULHER DE PONTA GROSSA/PR","Ciências Sociais Aplicadas","Jussara Ayres Bourguignon","Eliezer Gomes da Silva","Trabalho aceito"
"Anna Leticia de Oliveira","ESTUDO SOBRE AS PROPRIEDADES DO GLÚTEN: IMPACTO NA QUALIDADE DO TRIGO E NA PANIFICAÇÃO","Ciências Agrárias","Ivo Mottin Demiate","Eliane Dalva Godoy","Trabalho recusado"
"Anne Nicole Macedo Rosa","EDUCAÇÃO PARA A PAZ E TERAPIA COMUNITÁRIA INTEGRATIVA: ELEMENTOS ARTICULADORES PARA O CONTEXTO EDUCACIONAL","Ciências Humanas","Nei Alberto Salles Filho","Maria Isabel Moura Nascimento","Trabalho aceito"
"Anthony Emmanuel Ferreira dos Santos","MONITORAMENTO DO ESCOAMENTO E DA CONCENTRAÇÃO DE SEDIMENTOS EM MICROBACIA AGRÍCOLA SOB PLANTIO DIRETO","Ciências Agrárias","Eduardo Augusto Agnellos Barbosa","Adriana de Souza Martins","Trabalho aceito"
"Arissa Hikaru Azuma","Epidemiologia, diagnóstico e tratamento de fimose em crianças: um estudo de coorte retrospectivo no município de Ponta Grossa, Brasil","Ciências da Saúde","Renato Van Wilpe Bach","","Para avaliação"
"Augusto Henrique Carreiro Zardo","IDENTIFICAÇÃO DE MOVIMENTOS PROVENIENTES DE SINAIS DE ELETROMIOGRAFIA POR MEIO DE SÉRIES TEMPORAIS UTILIZANDO INTELIGÊNCIA ARTIFICIAL","Engenharias","Rosane Falate","Márcio Ferreira Hupalo","Trabalho aceito"
"Augusto Lara Amorim Santos","ESTUDO E ANÁLISE DO USO DE VARIAÇÕES CLASSIFICADORES TRADICIONAIS E BASES DE DADOS EM REDES NEURAIS CONVOLUCIONAIS","Engenharias","Jonathan de Matos","","Para avaliação"
"Augusto Luis Mayer","ALGORITMO PARA AVALIAÇÃO DA QUALIDADE DE SEGMENTAÇÃO DE REDE SIAMESA POR MEIO DE REALIMENTAÇÃO DE INFORMAÇÕES","Engenharias","Rosane Falate","Gabriela Mazureki Campos Bahniuk","Trabalho aceito"
"Beatriz Moreira Salles Juliatto","Epidemiologia da sepse de foco pulmonar em pacientes pediátricos admitidos em Unidade de Terapia Intensiva de um hospital do sul do Brasil.","Ciências Biológicas","Larissa Bail","Susete Wambier Christo","Trabalho aceito"
"Bernardo Dobzinski","Microminerais como aditivos na alimentação de porcas gestantes e lactantes","Ciências Agrárias","Cheila Roberta Lehnen","Adriana de Souza Martins","Trabalho aceito"
"Bianca Lourenco Caputo","ANÁLISE DAS PESQUISAS ACADÊMICAS BRASILEIRAS RECENTES SOBRE OBSERVATÓRIOS VOLTADOS ÀS POLÍTICAS PÚBLICAS E SUAS POTENCIAIS CONTRIBUIÇÕES PARA O PROCESSO DE IMPLANTAÇÃO DO OBSERVATÓRIO DE SOCIOEDUCAÇÃO DO PARANÁ","Ciências Sociais Aplicadas","Silmara Carneiro e Silva","Jussara Ayres Bourguignon","Trabalho aceito"
"Bianca Paduino da Silva","O QUE AS PESQUISAS DIZEM SOBRE O AUTISMO NA UNIVERSIDADE?","Ciências Humanas","Ana Lucia Pereira","Maria Isabel Moura Nascimento","Trabalho aceito"
"Brayan Gaudencio Rocha","Escarlate, a cor da loucura: Feiticeira Escarlate e as representações das mulheres estadunidenses (1985/1989)","Ciências Humanas","Angela Ribeiro Ferreira","Maria Isabel Moura Nascimento","Trabalho aceito"
"Brenda Luiza Raibida","PREVALÊNCIA DOS PADRÕES DE OSSIFICAÇÃO DO COMPLEXO ESTILO-HIÓIDEO EM TCFC","Ciências da Saúde","Gilson Cesar Nobre Franco","Fabiana Bucholdz Teixeira Alves","Trabalho recusado"
"Brenda Mayara Alves Guimaraes","FORMAÇÃO INICIAL NO CURSO DE PEDAGOGIA: O QUE PENSAM OS ACADÊMICOS?","Ciências Humanas","Marilucia Antonia de Resende Peroza","Simone Regina Manosso Cartaxo","Trabalho aceito"
"Briena Moreira Moreno","HERANÇA GENÉTICA DA TOLERÂNCIA AO ALUMÍNIO EM LINHAGENS MELHORADAS DE TRIGO","Ciências Agrárias","Rodrigo Rodrigues Matiello","Adriana de Souza Martins","Trabalho aceito"
"Bruna da Cruz","A PRODUÇÃO CIENTÍFICA ACERCA DA EDUCAÇÃO ESPECIAL PÚBLICA NO PARANÁ NA PRIMEIRA REPÚBLICA","Ciências Humanas","Vera Lucia Martiniak","Maria Isabel Moura Nascimento","Trabalho aceito"
"Bruna Eduarda Sartori","EFEITO DE DIFERENTES TEORES DE ÁGUA DE PRÉUMEDECIMENTO NA CURA INTERNA DE COMPÓSITOS CIMENTÍCIOS PRODUZIDOS COM AGREGADO DE RESÍDUO MISTO CONTAMINADO OU NÃO POR RESÍDUO DE GESSO","Engenharias","Patricia Kruger","Gabriela Mazureki Campos Bahniuk","Trabalho aceito"
"Bruna Goreti Santos da Silva","Literacia Digital em Saúde e cuidadores de pessoas idosas da comunidade","Ciências da Saúde","Jacy Aurelia Vieira de Sousa","","Para avaliação"
"Bruna Luana Santos de Souza","A MULHER NO REGIME MILITAR: JORNAL DA MARIA","Ciências Humanas","Maria Isabel Moura Nascimento","Paulo Eduardo Dias de Mello","Trabalho aceito"
"Bruna Retixen Pedroso","Administração escolar e o papel do diretor","Ciências Humanas","Beatriz Gomes Nadal","Maria Isabel Moura Nascimento","Trabalho aceito"
"Bruna Steiner Martins","ANÁLISE DAS IMPLICAÇÕES DA LEI MENINO BERNARDO E LEI HENRY BOREL NO DIREITO DAS FAMÍLIAS","Ciências Sociais Aplicadas","Maria Cristina Baluta","Jussara Ayres Bourguignon","Trabalho aceito"
"Bárbara Favoretto de Araujo","BIOPROSPECÇÃO DE MICRORGANISMOS DE MANGUE","Ciências Biológicas","Marcos Pileggi","Dionízia Xavier Scomparin","Trabalho aceito"
"Camila Antunes","COMPÓSITOS DE ZEÓLITAS / DIÓXIDO DE TITÂNIO PARA A REMOÇÃO DE POLUENTES EMERGENTES","Ciências Exatas e da Terra","Éder Carlos Ferreira de Souza","Andressa Novatski","Trabalho aceito"
"Camila Cury Caruso","ANÁLISE DA EVOLUÇÃO CLÍNICA DOS CASOS DE PACIENTES COM PONTE MIOCÁRDICA DE ARTÉRIA CORONÁRIA INTERVENTRICULAR ANTERIOR SEM LESÕES CORONARIANAS ASSOCIADAS","Ciências da Saúde","Mário Augusto Cray da Costa","Luis Antonio Esmerino","Trabalho aceito"
"Camila Socorro Hurko","ANÁLISE HISTOLÓGICA DA AORTA DE RATOS WISTAR INOCULADOS COM O VENENO BRUTO DA VESPA SOCIAL Polybia paulista","Ciências Biológicas","Marcia Regina Paes de Oliveira","Dionízia Xavier Scomparin","Trabalho aceito"
"Camila Vitoria Bizarri Grube","Estudos da técnica da espectroscopia de  infravermelho aplicada a solos","Ciências Exatas e da Terra","Sérgio da Costa Saab","Andressa Novatski","Trabalho aceito"
"Camila Wolter","EFICÁCIA DO CLAREAMENTO EM CONSULTÓRIO COM GEL CLAREADOR ACOPLADO UTILIZADO APÓS UMA SEMANA DA MANIPULAÇÃO: ENSAIO CLÍNICO RANDOMIZADO TRIPLO-CEGO E DE EQUIVALÊNCIA","Ciências da Saúde","Alessandra Reis Silva Loguercio","Fabiana Bucholdz Teixeira Alves","Trabalho recusado"
"Camilla Moreira Lopes","AVALIAÇÃO HISTOMORFOMÉTRICA DO EFEITO DA ADMINISTRAÇÃO ORAL DE NANOCÁPSULAS DE INSULINA NA MUCOSA DUODENAL EM RATOS ALIMENTADOS COM DIETA HIPERCALÓRICA","Ciências da Saúde","Leandro Cavalcante Lipinski","Andressa Novatski","Trabalho aceito"
"Camille de Souza Oliveira","COBERTURA DO SOLO E RENDIMENTO DE TRIGO E SOJA EM DIFERENTES SISTEMAS DE PRODUÇÃO","Ciências Agrárias","Fabricio Tondello Barbosa","Eduardo Augusto Agnellos Barbosa","Trabalho aceito"
"Camilli Gabriele da Silva Vaz","A VIABILIDADE DE CRIACAO DE MEIOS INTERPRETATIVOS SOBRE BORBOLETAS PARA O PARQUE NACIONAL DOS CAMPOS GERAIS - PR","Ciências Sociais Aplicadas","Jasmine Cardozo Moreira","Hebe Maria Gonçalves de Oliveira","Trabalho aceito"
"Carlos Eduardo Kordiak","QUANTIFICAÇÃO DA EXPRESSÃO GÊNICA DE CITOCINAS EM CÉLULAS INFLAMATÓRIAS EM DIFERENTES AMBIENTES","Ciências Biológicas","Giovani Marino Favero","","Para avaliação"
"Carlos Henrique C de Moraes","O USO DE NANOCÁPSULA DE ALFA-TOCOFEROL E TRANS RESVERATROL COMO DESSENSIBILIZANTE E PRIME EM CLAREAMENTO E ADESÃO APÓS O CLAREAMENTO: ESTUDO IN-VITRO","Ciências da Saúde","João Carlos Gomes","Fabiana Bucholdz Teixeira Alves","Trabalho aceito"
"Carlos Henrique Presaniuk Goncalves","O IMPACTO E APLICACAO DA LEI GERAL DE PROTECAO DE DADOS NOS REGISTRO PUBLICOS","Ciências Sociais Aplicadas","Zilda Mara Consalter","Eliezer Gomes da Silva","Trabalho aceito"
"Carolina Araujo dos Santos","A SEMEADURA DIRETA DE ESPÉCIES DO GÊNERO Mimosa spp. COM BACTÉRIAS PROMOTORAS DO CRESCIMENTO VEGETAL PODE SER UMA ESTRATÉGIA EFICAZ DE RESTAURAÇÃO ECOLÓGICA?","Ciências Biológicas","Marta Regina Barrotto do Carmo","Dionízia Xavier Scomparin","Trabalho aceito"
"Carolina Costiuk do Canto Saks","Pessoas com deficiência no ensino de História: o que trazem livros didáticos e currículos?","Ciências Humanas","Paulo Eduardo Dias de Mello","Simone Regina Manosso Cartaxo","Trabalho aceito"
"Caroline Heloise de Oliveira","DESENVOLVIMENTO DE UMA BASE DE ELEMENTOS TRANSPONÍVEIS DO GENOMA PARA APLICAÇÃO EM TREINAMENTO E TESTES DE REDES NEURAIS ARTIFICIAIS","Ciências Exatas e da Terra","Adriano Ferrasa","","Trabalho recusado"
"Caroline Monteiro Schefer","UM NOVO MÉTODO PARA VERIFICAÇÃO EXPERIMENTAL DA ALTERAÇÃO DO COMPRIMENTO DE ONDA DA LUZ DURANTE A REFRAÇÃO","Ciências Exatas e da Terra","Aloisi Somer","Andressa Novatski","Trabalho aceito"
"CAUAN CARDOZO DA COSTA","ANÁLISE DE ERROS EM LIMITES: DIFICULDADES DE ALUNOS DE LICENCIATURA EM MATEMÁTICA","Ciências Exatas e da Terra","Jocemar de Quadros Chagas","Rosane Falate","Trabalho aceito"
"Cesar Jeremias dos Santos Jr","AVALIAÇÃO DO POTENCIAL DO REDUTOR DE ARTEFATOS METÁLICOS NA PRESENÇA DE DIFERENTES MATERIAIS DENTÁRIOS EM TOMOGRAFIAS COMPUTADORIZADAS DE FEIXE CÔNICO","Ciências da Saúde","Marcela Claudino da Silva Nardino","Fabiana Bucholdz Teixeira Alves","Trabalho recusado"
"Christiane Jo-ann Dijkstra","AVALIAÇÃO DO POTENCIAL ANTIMICROBIANO DE SOLUÇÃO MICELAR E NANOPARTÍCULAS CONTENDO ÓLEO ESSENCIAL DE MELALEUCA ALTERNIFOLIA","Ciências da Saúde","Priscileila Colerato Ferrari","Jane Manfron","Trabalho aceito"
"Claudete Ferreira dos Santos","ENTRE MEMÓRIAS, REALIDADE E CENSURA: UMA LEITURA DO ROMANCE O AVESSO DA PELE, DE JEFERSON TENÓRIO","Linguística, Letras e Artes","Rosana Apolonia Harmuch","Keli Cristina Pacheco","Trabalho aceito"
"Clayton de Oliveira Kraus","DESEMPENHO DE CORDEIROS ATÉ A DESMAMA, SUBMETIDOS OU NÃO À MAMADA CONTROLADA","Ciências Agrárias","Raquel Abdallah da Rocha Oliveira","Wilson Massamitu Furuya","Trabalho aceito"
"Cristiane Aparecida Raineri Oliveira","ENTRE A DEVOÇÃO E A MEMÓRIA: UM ESTUDO SOBRE OS  RITOS EM TORNO DO TÚMULO DE CORINA PORTUGAL","Ciências Humanas","Elizabeth Johansen","Maria Isabel Moura Nascimento","Trabalho aceito"
"Daniel Butzer de Lima","O DIREITO À CIDADE NA JURISPRUDÊNCIA DO TJSP: uma tentativa de levantamento e sistematização de sua decisões (1988 A 2024)","Ciências Sociais Aplicadas","Igor Sporch da Costa","Eliezer Gomes da Silva","Trabalho aceito"
"Daniele de Cassia Ribeiro Carneiro","Dinâmicas Urbanas em Ponta Grossa - PR: o método PSSS como alternativa para a leitura do bairro Contorno","Ciências Humanas","Nisiane Madalozzo Wambier","Luiz Alexandre Gonçalves Cunha","Trabalho aceito"
"DANYEL SILVA GAVET","MOTIVAÇÃO AO CÁLCULO FRACIONÁRIO COM APLICAÇÃO.","Ciências Exatas e da Terra","Jocemar de Quadros Chagas","Andressa Novatski","Trabalho recusado"
"Darielly Magrid de Mattos Machado","REAÇÕES DE ESTEREFICAÇÃO DE NANOCELULOSE E ÁCIDOS GRAXOS","Engenharias","Luis Antonio Pinheiro","","Trabalho recusado"
"Debora Maria Scur de Santana","PREPARAÇÃO E CARACTERIZAÇÃO DE MICROPARTÍCULAS POLIMÉRICAS CARREADAS COM PIPERINA","Ciências Exatas e da Terra","Andressa Novatski","Giuliano Gadioli La Guardia","Trabalho aceito"
"Deborah Evelyn Ferreira","Sabugo de milho como suporte para crescimento, fixação de microrganismos e fonte de carbono para tratamento de efluentes","Engenharias","Ana Claudia Barana","Gabriela Mazureki Campos Bahniuk","Trabalho aceito"
"Deise dos Santos Ferreira Campos","PERCEPÇÕES SOBRE MENTALIDADES MATEMÁTICAS NO ENSINO SUPERIOR: UM ESTUDO DIAGNÓSTICO COM ACADÊMICOS DOS CURSOS DO SETOR DE CIÊNCIAS EXATAS E NATURAIS DE UMA UNIVERSIDADE PÚBLICA","Ciências Exatas e da Terra","Scheila Valechenski Biehl","Cássia Gonçalves Magalhães","Trabalho aceito"
"Denilce Kariene de Mello","Ensino de Língua Espanhola para Crianças através do universo de Dom Quixote","Linguística, Letras e Artes","Rosangela Schardong","Keli Cristina Pacheco","Trabalho aceito"
"Diana Karoliny Popvavisqui","Eva Perón: Narrativa Após Sua Morte na Revista Mundo Peronista, Edições 26 a 37","Ciências Humanas","Georgiane Garabely Heil Vázquez","Luiz Alexandre Gonçalves Cunha","Trabalho aceito"
"Diogo Bueno de Almeida","ANÁLISE DO GRAU DE CONVERSÃO DE CIMENTOS RESIONOSOS ATRAVÉS DE ZIRCONIA DE ALTA TRANSLUCIDEZ COM DIFERENTES FOTOPOLIMERIZADORES","Ciências da Saúde","César Augusto Galvão Arrais","Fabiana Bucholdz Teixeira Alves","Trabalho aceito"
"Diogo Leal da Silva","Impacto da atividade solar na Terra","Ciências Exatas e da Terra","Marcelo Emilio","Rosane Falate","Trabalho aceito"
"Eduarda Alves Pereira","DESENVOLVIMENTO DE CONTROLES PARA A GENOTIPAGEM DE GRUPOS SANGUÍNEOS","Ciências da Saúde","Bruno Ribeiro Cruz","Luis Antonio Esmerino","Trabalho aceito"
"Eduarda Baldani Kovalechen","LUA DE LARVAS DE SALLY GARDNER: UMA ANÁLISE DA DISTOPIA CRÍTICA VOLTADA PARA JOVENS ADULTOS","Linguística, Letras e Artes","Evanir Pavloski","Keli Cristina Pacheco","Trabalho aceito"
"Eduarda da Silva Fugita","SATISFAÇÃO COM A VIDA E INSERÇÃO NO MERCADO DE TRABALHO ENTRE EGRESSOS DE ODONTOLOGIA DE UMA UNIVERSIDADE PÚBLICA","Ciências da Saúde","Cristina Berger Fadel","Fabiana Bucholdz Teixeira Alves","Trabalho aceito"
"Eduarda Guerlinguer","APLICAÇÃO DE HIDROGEL DE ALGINATO CONTENDO BACTÉRIA PROMOTORA DO CRESCIMENTO VEGETAL COMO INOCULANTE","Ciências Biológicas","Carolina Weigert Galvão","Dionízia Xavier Scomparin","Trabalho aceito"
"Eduarda Horn Cabral","CULTURA JORNALÍSTICA NAS MEMÓRIAS DE 40 ANOS DO CURSO DE JORNALISMO DA UEPG: ARQUIVOS DO LABORATÓRIO DE RADIOJORNALISMO","Ciências Sociais Aplicadas","Rafael Schoenherr","Jussara Ayres Bourguignon","Trabalho aceito"
"Eduarda Louize Fornazari da Silveira","COMPARAÇÃO ENTRE OS ESCORES SOFA E APACHE IV COMO PREDITORES DE MORTALIDADE EM PACIENTES COM INFECÇÕES RELACIONADAS À ASSISTÊNCIA À SAÚDE EM UNIDADE DE TERAPIA INTENSIVA","Ciências da Saúde","Péricles Martim Reche","","Para avaliação"
"Eduarda Marcal Alves Pinto","DIAGNÓSTICO DE SEPSE NEONATAL EM PACIENTES INTERNADOS NO HOSPITAL UNIVERSITÁRIO MATERNO INFANTIL DE PONTA GROSSA, PARANÁ","Ciências Biológicas","Larissa Bail","Susete Wambier Christo","Trabalho aceito"
"Eduarda Mayara Andrade Cardoso","Avaliação de óleos essenciais na redução da contaminação microbiana de superfícies de implantes do tipo cone morse","Ciências da Saúde","Shelon Cristina Souza Bandeca","Jane Manfron","Trabalho aceito"
"Eduarda Zelinski Rosa","Avaliação do papel do sistema serotoninérgico no efeito ansiolítico da nanoemulsão do óleo essencial extraído da resina de Protium heptaphyllum","Ciências Biológicas","Edmar Miyoshi","Dionízia Xavier Scomparin","Trabalho aceito"
"Eduardo Berto Rech","PREVALÊNCIA DE HEPATITE B EM PACIENTES VIVENDO COM HIV E AIDS E FATORES ASSOCIADOS","Ciências da Saúde","Erildo Vicente Müller","","Trabalho aceito"
"Eduardo Coutinho Faria Bocate","Segmentação e obtenção de características radiômicas de imagens ultrassonográficas do músculo masséter de ratos antes e após a aplicação de toxina botulínica","Ciências da Saúde","Marcelo de Oliveira Dreweck","","Trabalho aceito"
"Eduardo Machado Dechandt","ANÁLISE DA RELAÇÃO ENTRE INFECÇÃO DO SÍTIO CIRÚRGICO E OS TIPOS DE CI-RURGIAS REALIZADAS EM UM HOSPITAL UNIVERSITÁRIO NO SUL DO BRASIL","Ciências da Saúde","Ricardo Zanetti Gomes","Luis Antonio Esmerino","Trabalho aceito"
"Eduardo Navas Rodrigues","ANÁLISE COMPARATIVA DE DESENVOLVIMENTO DE BALONIZAÇÃO E FIBROSE EM MODELOS EXPERIMENTAIS DE DOENÇA HEPÁTICA GORDUROSA NÃO ALCOÓLICA","Ciências da Saúde","Mário Claudio Soares Sturzeneker","Pollyanna Kássia de Oliveira Borges","Trabalho aceito"
"Elder Dalazoana Filho","AVALIAÇÃO DA EFICÁCIA DE DIFERENTES DOSES DE BEVACIZUMAB NA INDUÇÃO DA PLEURODESE EXPERIMENTAL EM RATOS","Ciências da Saúde","Eurico Cleto Ribeiro de Campos","Fabiana Bucholdz Teixeira Alves","Trabalho recusado"
"Eliezer Nascimento de Oliveira","MEMÓRIAS FOTOGRÁFICAS E NARRATIVAS DE TRABALHO: O MUSEU CAMPOS GERAIS E A HISTÓRIA DE PONTA GROSSA ATRAVÉS DAS LENTES DO FOTO ELITE","Ciências Humanas","Robson Laverdi","Maria Isabel Moura Nascimento","Trabalho aceito"
"Elis Fernanda Moreira","Autocuidado em mulheres com Fibromialgia antes e após o término de um programa de educação em saúde associada à PICS em um hospital público universitário no sul do Brasil: Ensaio clínico","Ciências da Saúde","Milene Zanoni da Silva","Lidia Dalgallo Zarpellon","Trabalho aceito"
"Elis Regina Przybysz","PENSAMENTO INDÍGENA SOBRE GÊNERO E SEXUALIDADE: MAPEAMENTO DAS PRODUÇÕES NA CONTEMPORANEIDADE","Linguística, Letras e Artes","Lígia Paula Couto","Josie Agatha Parrilha da Silva","Trabalho aceito"
"Elisa Frandini dos Santos","REMOÇÃO DE CORANTES  EM EFLUENTES UTILIZANDO  FOTOCATALISADOR ZNO RECUPERADO DE PILHAS","Ciências Exatas e da Terra","Éder Carlos Ferreira de Souza","Cássia Gonçalves Magalhães","Trabalho aceito"
"Elizete Junges Patel","ESTUDO DA DEPENDENCIA DA RESPOSTA ÓPTICA NÃO LINEAR DE NANOFLUIDOS PLASMONICOS COM A CAMADA ESTABILIZADORA DAS NANOPARTÍCULAS","Ciências Exatas e da Terra","Sergio Leonardo Gomez","Andressa Novatski","Trabalho aceito"
"Ellen do Porto Sviercoski","MULHERES EMPREENDEDORAS: DESAFIOS E MOTIVAÇÕES","Ciências Sociais Aplicadas","Adriana Gresielly Fabrini","Alex Sander Souza do Carmo","Trabalho aceito"
"Elton Mateus Neves","Equações diferenciais parabólicas","Ciências Exatas e da Terra","Leonardo Pires","Giuliano Gadioli La Guardia","Trabalho aceito"
"Emanuel Adriano Hul","EFICÁCIA DE DIFERENTES CONCENTRAÇÕES DE PERÓXIDO DE CARBAMIDA NO CLAREAMENTO DENTAL CASEIRO: UMA REVISÃO SISTEMÁTICA E META-ANÁLISE EM REDE","Ciências da Saúde","Alessandra Reis Silva Loguercio","Fabiana Bucholdz Teixeira Alves","Trabalho aceito"
"Emanuella Bismaia Penteado","A COMPLEXA RELAÇÃO ENTRE FRACASSO ESCOLAR  E DESENVOLVIMENTO ATÍPICO","Ciências Humanas","Nelba Maria Teixeira Pisacco","Luiz Alexandre Gonçalves Cunha","Trabalho aceito"
"Emanuelly Geremias Peres","POTENCIAL DE APROVEITAMENTO DOS SUBPRODUTOS DO PROCESSAMENTO DE ARROZ E MANDIOCA COMO ESTABILIZANTES DE BEBIDAS LÁCTEAS PROBIÓTICAS E COM Dunaliela sa","Ciências Agrárias","Eliane Dalva Godoy","Eduardo Augusto Agnellos Barbosa","Trabalho aceito"
"Emanuelly Mauda Scos","PAIXÃO OU ""PAXÃO""?: MONOTONGAÇÃO VARIÁVEL DO DITONGO [aj] NO INTERIOR PAULISTA","Linguística, Letras e Artes","Márcia Cristina do Carmo","Alvaro Kasuaki Fujihara","Trabalho aceito"
"Emelly Borkowski Galvao","Expressão Heteróloga e Purificação da Enzima Gliceraldeído-3-Fosfato Desidrogenase De Babesia Bovis","Ciências Exatas e da Terra","Christiane Philippini Ferreira Borges","Cássia Gonçalves Magalhães","Trabalho aceito"
"Emelly Erna Schuller","DETERMINAÇÃO DE FENÓIS TOTAIS E METAIS PESADOS EM CERVEJAS ARTESANAIS DE PONTA GROSSA","Ciências Exatas e da Terra","Sandro Xavier de Campos","Andressa Novatski","Trabalho aceito"
"Emelyn Lemes Bonifacio","ENSINO E APRENDIZAGEM DA LÍNGUA PORTUGUESA: UM ESTUDO DAS PRÁTICAS DE ANÁLISE LINGUÍSTICA","Linguística, Letras e Artes","Eliane Santos Raupp","Alvaro Kasuaki Fujihara","Trabalho recusado"
"Emilly Minella","PARCERIAS PÚBLICO-PRIVADAS PARA O USO PÚBLICO E TURISMO EM UNIDADES DE CONSERVAÇÃO: CASO DO PARQUE ESTADUAL DE VILA VELHA-PR","Ciências Sociais Aplicadas","Valéria de Meira Albach","Hebe Maria Gonçalves de Oliveira","Trabalho aceito"
"Erica Cheremeta","ANÁLISE DE ELEMENTOS REPETITIVOS NO GENOMA DE Alagoasa pantina (Coleoptera: Chrysomelidae)","Ciências Biológicas","Mara Cristina de Almeida Matiello","Dionízia Xavier Scomparin","Trabalho aceito"
"Erick Alves Pepe","Associação entre qualidade de vida e nível de flexibilidade em mulheres praticantes de Pilates e Yoga: uma revisão sistema","Ciências da Saúde","Rosimeide Francisco dos Santos Legnani","Lidia Dalgallo Zarpellon","Trabalho aceito"
"Ester Roloff","VIOLÊNCIAS CONTRA JORNALISTAS MULHERES: CARTOGRAFIA DOS DADOS E ESTUDOS INTERNACIONAIS DE 2020 A 2024","Ciências Sociais Aplicadas","Paula Melani Rocha","Hebe Maria Gonçalves de Oliveira","Trabalho aceito"
"Evellin Kauane de Oliveira","AVALIAÇÃO DO CUIDADO DE ENFERMAGEM PELA ESCALA DE FUGULIN EM PACIENTES COM INFECÇÃO DO TRATO URINÁRIO EM UTI","Ciências da Saúde","Péricles Martim Reche","Luis Antonio Esmerino","Trabalho aceito"
"Evelyn Scheneider Gomes","CONSULTA DE ENFERMAGEM AO DIABÉTICO NA ATENÇÃO PRIMÁRIA A SAÚDE: DELINEANDO AVALIAÇÃO CLÍNICA IDEAL A PARTIR DA REVISÃO INTEGRATIVA","Ciências da Saúde","Juliana Regina Dias Mikowski","Lidia Dalgallo Zarpellon","Trabalho aceito"
"Everton Felipe Mayer","CONTROLE DE PLANTAS DANINHAS NO MILHO COM ATRAZINA E TERBUTILAZINA APLICADAS EM DIFERENTES MOMENTOS","Ciências Agrárias","Giliardi Dalazen","Eduardo Augusto Agnellos Barbosa","Trabalho aceito"
"Fabio Eduardo Santana da Silva","A Representação dos Caboclos nos Livros Didáticos de História do Paraná","Ciências Humanas","Paulo Eduardo Dias de Mello","Luiz Alexandre Gonçalves Cunha","Trabalho aceito"
"Felipe Mandalozzo Tebcherani","PERFIL EPIDEMIOLÓGICO DE INFECÇÕES RELACIONADAS À ASSISTÊNCIA À SAÚDE  CAUSADAS POR ENTEROCOCCUS SP. EM UM HOSPITAL DA REGIÃO SUL DO BRASIL","Ciências Biológicas","Elisangela Gueiber Montes","Susete Wambier Christo","Trabalho aceito"
"Fernanda Aparecida de Araujo","Tecnologias de Informação e Comunicação no Cadastro Único: Potencialidades do governo digital.","Ciências Sociais Aplicadas","Lúcia Cortes da Costa","Hebe Maria Gonçalves de Oliveira","Trabalho aceito"
"Fernanda Buss Silva","GESTÃO DE CASOS DAS PUÉRPERAS DE UM BANCO DE LEITE HUMANO (BLH) UNIVERSITÁRIO.","Ciências da Saúde","Fabiana Bucholdz Teixeira Alves","Lidia Dalgallo Zarpellon","Trabalho aceito"
"Fernanda da Silva Gulmine","OS HOMENS DE BARRO, TEATRO PARA A UEPG/ PSS I","Linguística, Letras e Artes","Rosana Apolonia Harmuch","Josie Agatha Parrilha da Silva","Trabalho aceito"
"Fernanda Loch","Gênero e Extrema Direita: Levantamento de fontes a partir de um canal do Youtube","Ciências Humanas","Angela Ribeiro Ferreira","Maria Isabel Moura Nascimento","Trabalho aceito"
"Fernanda Malanczen","CARACTERIZAÇÃO ELÉTRICA E MICROESTRUTURAL DO LaNi0.5Fe(0.5-x)CoxO(3-d) (LNFC)","Engenharias","Adriana Scoton Antonio Chinelatto","Márcio Ferreira Hupalo","Trabalho aceito"
"Fernanda Pitome Weigert","PREVALÊNCIA DE COVID-LONGA EM PESSOAS VIVENDO COM HIV E FATORES ASSOCIADOS","Ciências da Saúde","Pollyanna Kássia de Oliveira Borges","Lidia Dalgallo Zarpellon","Trabalho aceito"
"Fernanda Ribeiro","ESTUDO DO SISTEMA CARDÍACO HUMANO POR MEIO PRÁTICO COMO COMPLEMENTO À APRENDIZAGEM NA DISCIPLINA DE BIOLOGIA DO ENSINO MÉDIO","Ciências Biológicas","Bruno Pedroso","Andressa Novatski","Trabalho aceito"
"Fernanda Rodrigues Spanserki","MODIFICAÇÃO DE UM AÇO AUSTENÍTICO POR PLASMA EM POTENCIAL FLUTUANTE","Ciências Exatas e da Terra","Gelson Biscaia de Souza","Andressa Novatski","Trabalho aceito"
"Fernanda Vieira Garrido","PENETRAÇÃO DE PERÓXIDO DE HIDROGÊNIO VARIANDO A PONTEIRA DE APLICAÇÃO EM GÉIS CLAREADORES DE CONSULTÓRIO COM SERINGA ACOPLÁVEL","Ciências da Saúde","Abraham Lincoln Calixto","","Trabalho recusado"
"Flavia Luciana dos Anjos","AVALIAÇÃO DO POTENCIAL ANTIMICROBIANO DE TIOFENOCHALCONAS","Ciências Exatas e da Terra","Barbara Celânia Fiorin","Andressa Novatski","Trabalho aceito"
"Gabriel Aires","CONTROLE PRÉ-EMERGENTE DE PLANTAS DANINHAS NA CULTURA DA SOJA POR MEIO DA UTILIZAÇÃO DE MISTURAS DE HERBICIDAS","Ciências Agrárias","Giliardi Dalazen","Eduardo Augusto Agnellos Barbosa","Trabalho aceito"
"Gabriel Albach Biagini","EDUCAÇÃO FÍSICA NA UEPG: UMA HISTÓRIA DE 50 ANOS","Ciências da Saúde","Leandro Martinez Vargas","Alfredo Cesar Antunes","Trabalho aceito"
"GABRIEL ALEXANDRE TESKA","MONITORAMENTO DA REDE COLETORA DE ESGOTOS DA UNIVERSIDADE ESTADUAL DE PONTA GROSSA (UEPG) PARA AMPLIAÇÃO DA PRESTAÇÃO DE SERVIÇOS COM ÁGUAS RESIDUÁRIAS","Ciências da Saúde","Mariele Katherine Jungles","Pollyanna Kássia de Oliveira Borges","Trabalho aceito"
"Gabriel Augusto Valvassori Zavaski","Notre-Dame de Paris, de Victor Hugo, e o romance oitocentista","Linguística, Letras e Artes","Andrea Correa Paraiso Muller","","Para avaliação"
"Gabriel Burack Rosa","OBTENÇÃO DE PARÂMETROS FRACIONÁRIOS UTILIZANDO MACHINE LEARNING NA ANÁLISE DO SINAL FOTOACÚSTICO","Ciências Exatas e da Terra","Aloisi Somer","Andressa Novatski","Trabalho aceito"
"Gabriel de Azevedo Zanini","OTIMIZAÇÃO DE ANÁLISE DO SINAL FOTOACÚSTICOS UTILIZANDO MACHINE LEARNING: UMA ABORDAGEM PARA CARACTERIZAÇÃO TÉRMICA DE MATERIAIS","Ciências Exatas e da Terra","Aloisi Somer","Andressa Novatski","Trabalho aceito"
"Gabriel do Espirito Santo","Teoria de nocautes aplicada para a polarização de macrófagos M1 e M2 em contextos PAMPs","Ciências Biológicas","Giovani Marino Favero","Dionízia Xavier Scomparin","Trabalho aceito"
"Gabriel dos Santos","AVALIAÇÃO COMPARATIVA DE MODELOS EXPERIMENTAIS DE DOENÇA HEPÁTICA GORDUROSA NÃO ALCOÓLICA: FOCO NA ANÁLISE HISTOLÓGICA","Ciências da Saúde","Mário Claudio Soares Sturzeneker","Pollyanna Kássia de Oliveira Borges","Trabalho aceito"
"Gabriel Eiki Rocha Camargo","CARACTERIZAÇÃO DA PRODUÇÃO AGROECOLÓGICA NA GEOGRAFIA BRASILEIRA","Ciências Humanas","Celbo Antônio da Fonseca Rosas","Simone Regina Manosso Cartaxo","Trabalho aceito"
"Gabriel Felipe Wilchak Queieoz","Dinâmica não Linear e caos transiente em um pêndulo dissipativo","Ciências Exatas e da Terra","José Danilo Szezech Júnior","Rosane Falate","Trabalho aceito"
"Gabriel Hito dos Santos","ANÁLISE DA PREVALÊNCIA E ADESÃO AO TRATAMENTO DAS HEPATITES B E C EM UMA POPULAÇÃO PRIVADA DE LIBERDADE DA PENITENCIÁRIA ESTADUAL DE PONTA GROSSA","Ciências da Saúde","Fabiana Postiglione Mansani","Luis Antonio Esmerino","Trabalho aceito"
"Gabriel Lopes Ilibrante","Determinação da susceptibilidade antimicrobiana de Candida albicans frente aos óleos essenciais de Alecrim (Salvia rosmarinus), Canela (Cinnamomum cassia), Orégano (Origanum vulgare) e Tomilho (Thymus vulgaris) pelo método de microdiluição em caldo","Ciências da Saúde","Shelon Cristina Souza Bandeca","Jane Manfron","Trabalho aceito"
"Gabriel Machado Santos","REDES NEURAIS NA ANÁLISE DA CORRELAÇÃO ENTRE AS VARIÁVEIS CLIMÁTICAS E A PRODUTIVIDADE DE TRIGO","Ciências Exatas e da Terra","Maria Salete Marcon Gomes Vaz","Rosane Falate","Trabalho aceito"
"Gabriel Pereira Ribeiro","INTRODUÇÃO A DINÂMICA DO RMN","Ciências Exatas e da Terra","Antonio Sérgio Magalhães de Castro","Andressa Novatski","Trabalho aceito"
"Gabriel Petter de Souza","O EFEITO DO PÓS-PROCESSAMENTO NA ADAPTAÇÃO MARGINAL E INTERNA DAS COROAS  PROVISÓRIAS IMPRESSAS EM 3D","Ciências da Saúde","João Carlos Gomes","Fabiana Bucholdz Teixeira Alves","Trabalho aceito"
"Gabriel Pupo Taborda","AS AÇÕES IMPLEMENTADAS DE ESPORTE PARA TODA A VIDA NO ESTADO DO PARANÁ","Ciências Sociais Aplicadas","Paulo Sérgio Ribeiro","Alex Sander Souza do Carmo","Trabalho aceito"
"Gabriel Sirineu Gouvea","Prepare-se: teorias conspiratórias no Brasil, sua popularidade nas mídias sociais e sua ligação com a direita política","Ciências Humanas","Luis Fernando Cerri","Luiz Alexandre Gonçalves Cunha","Trabalho aceito"
"Gabriel Wesley Barbosa dos Santos","CÂNCER DE MAMA: EVOLUÇÃO NO PERFIL EPIDEMIOLÓGICO E CLÍNICO EM CENTRO ONCOLÓGICO DE REFERÊNCIA NO PARANÁ","Ciências da Saúde","Fabio Postiglione Mansani","","Para avaliação"
"Gabriela Balzer Maciel","Resistência e degradação de fios de PDO","Ciências da Saúde","Giovana Mongruel Gomes Schmidt","Pollyanna Kássia de Oliveira Borges","Trabalho aceito"
"Gabriela Brasil Silva","ANÁLISE DO PERFIL BACTERIANO DAS INFECÇÕES RELACIONADAS À ASSISTÊNCIA À SAÚDE DE PELE E PARTES MOLES EM UM HOSPITAL NA REGIÃO DOS CAMPOS GERAIS NO PERÍODO PRÉ E PÓS PANDEMIA DE COVID-19","Ciências Biológicas","Elisangela Gueiber Montes","Susete Wambier Christo","Trabalho aceito"
"Gabriela Canavarro Stremel","INVESTIGAÇÃO DAS PROPRIEDADES DE AMIDO DE MILHETO (Pennisetum glaucum) ATRAVÉS DE MODIFICAÇÃO POR DRY HEAT TREATMENT (DHT)","Ciências Agrárias","Luiz Gustavo Lacerda","Eliane Dalva Godoy","Trabalho aceito"
"Gabriela Cristina Schneider","OVERSHARENTING E A PARENTALIDADE POSITIVA NA ERA DIGITAL","Ciências Sociais Aplicadas","Zilda Mara Consalter","Eliezer Gomes da Silva","Trabalho aceito"
"Gabriela Mello Gomes","EFEITOS DA RELAÇÃO LÍQUIDO/SÓLIDOS E DE SOLUÇÕES DE NaOH E NaSiO3 NAS PROPRIEDADES MECÂNICAS DOS PRODUTOS GEOPOLIMÉRICOS DE METACAULIM","Engenharias","Eduardo Pereira","Gabriela Mazureki Campos Bahniuk","Trabalho aceito"
"Gabriela Soczek","DESENVOLVIMENTO DE FÓRMULAS DE PEELING CONTENDO ADAPALENO E TAZAROTENO","Ciências da Saúde","Patricia Mathias Döll Boscardin","Jane Manfron","Trabalho aceito"
"Gabriela Starke de Oliveira","A memória do exílio em A chave de casa, de Tatiana Salem Levy","Linguística, Letras e Artes","Keli Cristina Pacheco","Alvaro Kasuaki Fujihara","Trabalho aceito"
"Gabriela Tkaczuk Silva","PRODUÇÃO DE CERVEJA ARTESANAL UTILIZANDO PÃO COMO ADJUNTO","Ciências Agrárias","Luiz Gustavo Lacerda","Eliane Dalva Godoy","Trabalho aceito"
"Gabriele Boaron","CARACTERIZAÇÃO FÍSICO-QUÍMICA E AVALIAÇÃO IN VITRO DE COMPÓSITO DE HIDROXIAPATITA E CAPSAICINA PARA USO EM GÉIS CLAREADORES DENTAIS","Ciências da Saúde","Jessica Mendes Nadal","Fabiana Bucholdz Teixeira Alves","Trabalho aceito"
"Gabriele Pereira Dias","AVALIAÇÃO DA  AMÔNIA TÓXICA EM AMOSTRAS DE TABACO","Ciências da Saúde","Vitoldo Antonio Kozlowski Junior","Pollyanna Kássia de Oliveira Borges","Trabalho aceito"
"Gabrieli da Silva Boachack","INFLUÊNCIA DA PROPORÇÃO PECTINA:ÁGAR NAS PROPRIEDADES FÍSICOQUÍMICAS E BIODEGRADABILIDADE DE BIOPLÁSTICOS.","Ciências Biológicas","Cristiane Colodel","Marcia Regina Paes de Oliveira","Trabalho aceito"
"Gabriella Cristina Chicalski","PERFIL EPIDEMIOLÓGICO DOS PACIENTES HOSPITALIZADOS POR DENGUE EM DOIS HOSPITAIS DE PONTA GROSSA NO ANO DE 2024","Ciências da Saúde","Mariele Katherine Jungles","","Para avaliação"
"Gabriella Goles Furda","CINEMA E CONSUMO : UM ESTUDO SOBRE A INFANTILIZAÇÃO DA CULTURA","Linguística, Letras e Artes","Adriana Rodrigues Suarez","Josie Agatha Parrilha da Silva","Trabalho aceito"
"Gabrielly Aparecida Chaves","Dinâmicas Urbanas em Ponta Grossa - PR: o método PSSS como alternativa para a leitura do Bairro de Uvaranas","Ciências Humanas","Nisiane Madalozzo Wambier","Luiz Alexandre Gonçalves Cunha","Trabalho aceito"
"Gabrielly da Silva Silveira","O APEGO SEGURO NA RELAÇÃO PROFESSOR_ALUNO_ INFLUÊNCIAS NO DESENVOLVIMENTO INTELECTUAL, SAÚDE MENTAL E INCLUSÃO ACADÊMICA","Ciências Humanas","Elenice Parise Foltran","Maria Isabel Moura Nascimento","Trabalho aceito"
"Gabrielly de Mattos Dias da Silva","AVALIAÇÃO DE TECIDOS BIOLÓGICOS EX VIVO POR DINÂMICA DE RELAXAÇÃO TÉRMICA","Ciências Exatas e da Terra","Andressa Novatski","Rosane Falate","Trabalho aceito"
"Gabrielly de Oliveira Ayres","Protocolo de modificação de formas farmacêuticas orais sólidas para pacientes com dificuldade de deglutição","Ciências da Saúde","Carolina Justus Buhrer Ferreira Neto","Jane Manfron","Trabalho aceito"
"Gabrielly Tenorio Costa","CARACTERIZAÇÃO DE DIFERENTES PREENCHEDORES LABIAIS","Ciências da Saúde","João Carlos Gomes","Andressa Novatski","Trabalho aceito"
"Geovanna Gomes Iark","INFLUÊNCIA DA PASTEURIZAÇÃO DO LEITE NA COMPOSIÇÃO E QUALIDADE MICROBIOLÓGICA DE QUEIJOS SEMI-DUROS ARTESANAIS","Ciências Agrárias","Alessandro Nogueira","Eliane Dalva Godoy","Trabalho aceito"
"Geovanna Sozo Leite","POTENCIAL DE BACTÉRIAS PROMOTORAS DO CRESCIMENTO VEGETAL NA QUALIDADE DE MUDAS DE Senna macranthera","Ciências Biológicas","Jesiane Stefania da Silva Batista","","Para avaliação"
"Giovana Ferreira","Digitalização e Indexação do Acervo de Uriel Carvalho Nogueira dos Santos: Preservação da Memória Cultural e Ambiental da Erva-Mate no Paraná","Ciências Humanas","Alessandra Izabel de Carvalho","Maria Isabel Moura Nascimento","Trabalho aceito"
"Giovana Novak Gumy","ATIVIDADE DE POLIFENOLOXIDASE NA RESISTÊNCIA DO FEIJÃO Á MANCHA ANGULAR","Ciências Agrárias","Maristella Dalla Pria","Eliane Dalva Godoy","Trabalho aceito"
"Giovanna Oliveira dos Santos","O FENÔMENO EL NIÑO DE 2023-2024 E SEUS IMPACTOS NAS CHUVAS EM PONTA GROSSA, PR","Ciências Exatas e da Terra","Airton Kist","","Para avaliação"
"Giuliano Brustolin Rigoni","CORREÇÃO DA ACIDEZ DO SOLO E RESPOSTA DA SOJA À APLICAÇÃO SUPERFICIAL DE CORRETIVOS AGRÍCOLAS EM SISTEMA PLANTIO DIRETO","Ciências Agrárias","Eduardo Fávero Caires","Eduardo Augusto Agnellos Barbosa","Trabalho aceito"
"Giulliana Pinheiro","PREPARAÇÃO DO PROFESSOR PARA ATUAR NA EDUCAÇÃO INFANTIL BILÍNGUE (PORTUGUÊS/INGLÊS): REPENSANDO A FORMAÇÃO INICIAL","Linguística, Letras e Artes","Isabel Cristina Vollet Marson","Josie Agatha Parrilha da Silva","Trabalho aceito"
"Grazielle Meira Hass","AVALIAÇÃO DO EMPREGO DE ENZIMAS NO PRÉ-TRATAMENTO DOS RESÍDUOS SÓLIDOS ORGÂNICOS PARA AUMENTAR A PRODUÇÃO DE METANO EM DIGESTORES ANAERÓBIOS","Engenharias","Ana Claudia Barana","Gabriela Mazureki Campos Bahniuk","Trabalho aceito"
"Guilherme Bastos Alves","PADRÕES DE METADADOS NA ANÁLISE DA QUALIDADE DA PRODUÇÃO DO TRIGO","Ciências Exatas e da Terra","Maria Salete Marcon Gomes Vaz","Rosane Falate","Trabalho aceito"
"Guilherme Sovinski","EFEITO DE UMA CAMADA HIDRÓFOBA CONTÊNDO 10-METACRILOILOXIDECIL DI-HIDROGÊNIO FOSFATO NA NANOINFILTRAÇÃO DE ADESIVOS UNIVERSAIS EM DENTINA","Ciências da Saúde","Alessandro Dourado Loguercio","Fabiana Bucholdz Teixeira Alves","Trabalho aceito"
"Gustavo Borges Machado","Tópicos de Cálculo Fracionário","Ciências Exatas e da Terra","Jocemar de Quadros Chagas","Giuliano Gadioli La Guardia","Trabalho aceito"
"Gustavo Eduardo Fante","PREVALÊNCIA DE HIPERTENSÃO ARTERIAL EM CRIANÇAS E ADOLESCENTES ESTUDANTES DA REDE PÚBLICA E SUA CORRELAÇÃO COM OBESIDADE EM MUNICÍPIO DO INTERIOR DO PARANÁ","Ciências da Saúde","Mário Augusto Cray da Costa","","Para avaliação"
"Gustavo Guse Martins","ANÁLISE DE DADOS MULTIDIMENSIONAIS PARA PREDIÇÃO DE SAFRAS","Ciências Exatas e da Terra","Maria Salete Marcon Gomes Vaz","Rosane Falate","Trabalho aceito"
"Gustavo Henrique Olbertz","CONVERSOR CC-CC BUCK-BOOST ENTRELAÇADO E COM REDUZIDA ONDULAÇÃO DE CORRENTE DE ENTRADA","Engenharias","Zito Palhano da Fonseca","","Para avaliação"
"Gustavo Hohmann","A SINOPSE DAS HISTÓRIAS DE JOÃO ESCILITZES: reflexões sobre a escrita da história em Bizâncio, séc. XI-XII","Ciências Humanas","Erivan Cassiano Karvat","Maria Isabel Moura Nascimento","Trabalho aceito"
"Gustavo Lourenco Gabriel","ESPUMAS DE VIDRO A PARTIR DE RESÍDUOS DE VIDRO E HIDRÓXIDO DE CÁLCIO: OTIMIZAÇÃO DO PROCESSO DE PRODUÇÃO UTILIZANDO UM DELINEAMENTO COMPOSTO CENTRAL ROTACIONAL","Engenharias","Evaldo Toniolo Kubaski","","Para avaliação"
"Gustavo Luiz Pacher Schmitz","AVALIAÇÃO DO DESENVOLVIMENTO DE DEGENERAÇÃO BALONIZANTE E FIBROSE EM MODELO EXPERIMENTAL DE DOENÇA HEPÁTICA GORDUROSA NÃO ALCOÓLICA INDUZIDA POR DIETA RICA EM COLESTEROL","Ciências da Saúde","Mário Claudio Soares Sturzeneker","Fabiana Bucholdz Teixeira Alves","Trabalho aceito"
"Gustavo Maukoski de Rezende","PERDAS DE CARBONO ORGÂNICO NOS SEDIMENTOS ERODIDOS EM DIFERENTES MANEJOS AGRÍCOLAS","Ciências Agrárias","Fabricio Tondello Barbosa","Eduardo Augusto Agnellos Barbosa","Trabalho aceito"
"Gustavo Teodoro Solivam Severo dos Santos","CONVERSOR CC-CC BUCK-BOOST MODIFICADO COM CONEXÃO DIFERENCIAL","Engenharias","Zito Palhano da Fonseca","","Para avaliação"
"Hadassa Helena Koopman","PRODUÇÃO DE MATERIAL DIDÁTICO PARA TEMAS ABORDADOS NA EDUCAÇÃO SEXUAL","Ciências Biológicas","Michele Dietrich Moura Costa","Dionízia Xavier Scomparin","Trabalho aceito"
"Hellen Karoline da Paz Goncalves da Silva","Identificação da posição de maior evasão da radiação em fornos micro-ondas com falha de isolamento de RF","Engenharias","Jose Flavio Marcelino Borges","","Para avaliação"
"Heloisa Ferreira Bach","Efeito das condições de envelhecimento na microestrutura e dureza de um aço inoxidável 15-5 PH","Engenharias","Márcio Ferreira Hupalo","Carlos Emmanuel Ribeiro Lautenschlager","Trabalho aceito"
"Heloisa Ferreira da Silva","Avaliação de Toxicidade pelo ensaio Allium cepa e Atividade Antimicrobiana da Alternanthera brasiliana (L.) Kuntze contra bactérias associadas em doenças periodontais","Ciências da Saúde","Vitoldo Antonio Kozlowski Junior","Jane Manfron","Trabalho aceito"
"Heloisa Machado da Mota","SUBSTITUIÇÃO DE CLORETO DE POTÁSSIO POR POLIHALITA PARA A SUCESSÃO TRIGO-SOJA EM SISTEMA PLANTIO DIRETO","Ciências Agrárias","Eduardo Fávero Caires","Eduardo Augusto Agnellos Barbosa","Trabalho aceito"
"Heloise da Cruz Silva","EDUCAÇÃO PARA O IDOSO E UNIVERSIDADE ABERTA PARA A TERCEIRA IDADE NAS TESES E DISSERTAÇÕES DE 2013 A 2023","Ciências Humanas","Rita de Cassia da Silva Oliveira","Simone Regina Manosso Cartaxo","Trabalho aceito"
"Henrique Miguel Soares de Freitas","SATISFAÇÃO, DESAFIOS E POTENCIALIDADES COM A EXPERIÊNCIA ACADÊMICA EM ODONTOLOGIA NA UEPG","Ciências da Saúde","Cristina Berger Fadel","","Para avaliação"
"Henrique Temp Kasdorf","O NOVO PROGRAMA DE ACELERAÇÃO DE CRESCIMENTO (PAC) NA REDE LOGÍSTICA DO ANEL DE INTEGRAÇÃO DO PARANÁ","Ciências Humanas","Edson Belo Clemente de Souza","Luiz Alexandre Gonçalves Cunha","Trabalho aceito"
"Henzo Sales de Assis","Atividade enzimática na rizosfera do milho inoculado com novas estirpes de Azospirillum brasilense","Ciências Biológicas","Rafael Mazer Etto","Dionízia Xavier Scomparin","Trabalho aceito"
"Ieza Rafaely Schechtel Alves","PROMOÇÃO DA SAUDE NA ATENÇÃO PRIMÁRIA: PROTAGONISMO DO ENFERMEIRO PARA A MUDANÇA DE HÁBITOS","Ciências da Saúde","Juliana Regina Dias Mikowski","","Para avaliação"
"Igor Danilenko","USO DE ÓLEOS ESSÊNCIAIS DE Mentha piperita, Rmatinus offinallis L., Citrus sinensis,  SOBRE A MICROBIOLOGIA E MORFOMETRIA DE ÓRGÃO DIGESTIVOS DE FRANGOS DE CORTE NA  FASE INICIAL","Ciências Agrárias","Maria Marta Loddi","Wilson Massamitu Furuya","Trabalho aceito"
"Ingrid Cleto Trojan","ELABORAÇÃO E AVALIAÇÃO DE MÉTODOS PARA MEDIDAS DINÂMICAS DE SINAIS PROVENIENTES DE CIRCUITOS ELETRÔNICOS PARA LABORATÓRIOS DIDÁTICOS","Engenharias","Rosane Falate","Gabriela Mazureki Campos Bahniuk","Trabalho aceito"
"Ingrid Lais Zanlorensi","ESTUDO DA ATIVIDADE GABAÉRGICA DO EXTRATO AQUOSO DE Eugenia uniflora NO PEIXE-ZEBRA (DANIO RERIO)","Ciências Biológicas","Marcelo Machado Ferro","Dionízia Xavier Scomparin","Trabalho aceito"
"Ingrid Leticia Andrusczak","ESTUDO MECANICO DA ADIÇAO DE LODO DE ESTACAO DE TRATAMENTO DE AGUA E CINZA DE CALDEIRA EM SOLO PARA USO EM BARREIRAS MINERAIS","Engenharias","Carlos Emmanuel Ribeiro Lautenschlager","Gabriela Mazureki Campos Bahniuk","Trabalho aceito"
"Iris Helena Benfica dos Reis","AVALIAÇÃO DA REMOÇÃO DO TRICLOSAN NAS ETAPAS DE TRATAMENTO DE ÁGUA PARA ABASTECIMENTO UTILIZANDO OZONIO","Ciências Exatas e da Terra","Sandro Xavier de Campos","Andressa Novatski","Trabalho aceito"
"Isabela Alessi","FAMÍLIAS TEA: INVESTIGAÇÃO DA DIVERGÊNCIA ENTRE AS OPERDORAS DE SAÚDE E O POSICIONAMENTO JURISPRUDENCIAL","Ciências Sociais Aplicadas","Maria Cristina Baluta","Eliezer Gomes da Silva","Trabalho aceito"
"Isabela Corso Antunes","REFLEXOS SUCESSÓRIOS DA FECUNDAÇÃO ARTIFICIAL PÓSTUMA","Ciências Sociais Aplicadas","Dirce do Nascimento Pereira","Eliezer Gomes da Silva","Trabalho aceito"
"Isabela de Oliveira Kapp","Efeito do tratamento com gestrinona sobre a morfologia do trato gastrointestinal de ratas obesas","Ciências Biológicas","Dionízia Xavier Scomparin","Marcia Regina Paes de Oliveira","Trabalho aceito"
"Isabela Hass Rosa","AS POLÍTICAS DE EDUCAÇÃO ESPECIAL NO PERÍODO DO REGIME MILITAR NO BRASIL: UMA ANÁLISE BIBLIOGRAFICA DOCUMENTAL","Ciências Humanas","Elenice Parise Foltran","Maria Isabel Moura Nascimento","Trabalho aceito"
"Isabela Hellmann Acras","ANÁLISE DOS DESFECHOS DE PACIENTES COM INFECÇÃO DO SÍTIO CIRÚRGICO EM UM HOSPITAL DE MÉDIO PORTE","Ciências da Saúde","Ricardo Zanetti Gomes","Luis Antonio Esmerino","Trabalho aceito"
"Isabela Renata Bussi da Silva","ANÁLISE DE CORRELAÇÃO DA INCIDÊNCIA DE LESÕES POR PRESSÃO:  APLICAÇÃO DA ESCALA DE AVALIAÇÃO DE RISCO (EVARUCI) NA UNIDADE DE TERAPIA INTENSIVA","Ciências da Saúde","Maria Dagmar da Rocha Gaspar","Lidia Dalgallo Zarpellon","Trabalho aceito"
"Isabele Pitlovanciv","PRODUÇÃO DE NANOEMULSÃO DO ÓLEO ESSENCIAL EXTRAÍDO DA RESINA DE PROTIUM HEPTAPHYLLUM","Ciências Biológicas","Edmar Miyoshi","Dionízia Xavier Scomparin","Trabalho aceito"
"Isabele Tayane Dalago","Mapeamento de produção científica sobre autonomia de professores","Ciências Humanas","Silmara de Oliveira Gomes Papi","Maria Isabel Moura Nascimento","Trabalho aceito"
"Isabella Fernandes","INVESTIGAÇÃO DO POTENCIAL PREBIÓTICO DO BAGAÇO DE MALTE","Ciências Agrárias","Juliana Bonametti Olivato","Eliane Dalva Godoy","Trabalho aceito"
"Isabelly Cristina Pontes Vieira Ramalho","MULTIPARENTALIDADE: UMA ANÁLISE DOS TRIBUNAIS SOB A PERSPECTIVA DE GÊNERO","Ciências Sociais Aplicadas","Maria Cristina Baluta","Jussara Ayres Bourguignon","Trabalho aceito"
"Isabelly dos Santos Pacheco","Implementação de uma Interface de Apoio para Uso em Pacotes de Química Computacional","Ciências Exatas e da Terra","Alexandre Camilo Júnior","Giuliano Gadioli La Guardia","Trabalho aceito"
"Isabelly Ribeiro Coelho","Influência do tratamento da superfície com adesivo universal com silano e MDP  de uma resina impressa em 3D com partículas sinalizadas na resistência de união","Ciências da Saúde","João Carlos Gomes","Fabiana Bucholdz Teixeira Alves","Trabalho aceito"
"Isadora Borcoski Costa","INTERAÇÃO DE Trichoderma spp. E Bacillus spp. in vitro UTILIZADOS NO CONTROLE BIOLÓGICO DE DOENÇAS","Ciências Agrárias","Maristella Dalla Pria","Eduardo Augusto Agnellos Barbosa","Trabalho aceito"
"Isadora Camargo Carneiro","A PONTUAÇÃO NOS VESTIBULARES DAS UNIVERSIDADES PÚBLICAS COM NOTA 4 NO ENADE EM CURSO DE LICENCIATURA EM LETRAS","Linguística, Letras e Artes","Pascoalina Bailon de Oliveira Saleh","Alvaro Kasuaki Fujihara","Trabalho aceito"
"Isadora Eleonora Migliorini Ziguimundo","A LUZ E SEU USO NA SAÚDE","Ciências Exatas e da Terra","Christiane Philippini Ferreira Borges","Andressa Novatski","Trabalho aceito"
"Isadora Galvao","ARTE E ECOLOGIA EM OBRAS DE ARTISTAS BRASILEIROS CONTEMPORANEOS","Linguística, Letras e Artes","Josie Agatha Parrilha da Silva","Alvaro Kasuaki Fujihara","Trabalho aceito"
"Isak Andrade do Prado","ANÁLISE DA REATIVIDADE ÁLCALI-AGREGADO DE AREIAS DE FUNDIÇÃO DA EMPRESA HÜBNER FUNDIÇÃO - PG UTILIZADAS PARA A PRODUÇÃO DE ARTEFATOS DE CONCRETO PRÉ-MOLDADOS","Engenharias","Elias Pereira","Gabriela Mazureki Campos Bahniuk","Trabalho aceito"
"Izabela Medeiros Czelusniak","ASPIRAÇÃO DE OÓCITOS DE VACAS DA RAÇA HOLANDESA DE DIFERENTES ORDENS DE PARTO","Ciências Agrárias","Luciana da Silva Leal Karolewski","Wilson Massamitu Furuya","Trabalho aceito"
"Jaine do Nascimento","RESGATE VEGETATIVO DE Pimenta pseudocaryophyllus (Gomes) Landrum","Ciências Biológicas","Marta Regina Barrotto do Carmo","Dionízia Xavier Scomparin","Trabalho aceito"
"James Wellington Freitas","ESTUDO E ANÁLISE DE VIABILIDADE DE USO DE MICROCONTROLADOR DE SISTEMAS EMBARCADOS COMO PROCESSADOR DIGITAL DE SINAIS","Engenharias","Rosane Falate","Gabriela Mazureki Campos Bahniuk","Trabalho aceito"
"Jaqueline Meert Parlow","ANÁLISE COMPARATIVA TEMPORAL DO IMPACTO DA ABORDAGEM MULTIDISCIPLINAR EM AMBULATÓRIO ACADÊMICO DE CARDIOLOGIA","Ciências da Saúde","Mário Claudio Soares Sturzeneker","Luis Antonio Esmerino","Trabalho aceito"
"Jeanni Caroline Giovanetti","O ABORTO ILEGAL NO BRASIL E A SAÚDE DAS MULHERES","Ciências Sociais Aplicadas","Lislei Teresinha Preuss","Jussara Ayres Bourguignon","Trabalho aceito"
"Jeferson Osni de Souza Junior","SEXUALIDADE E PODER: ANÁLISE DO DISCURSO MÉDICO E JURÍDICO NO PROCESSO CRIMINAL DE PAULO AUGUSTO G. NA DÉCADA DE 1980 EM PONTA GROSSA/ PR","Ciências Humanas","Georgiane Garabely Heil Vázquez","Simone Regina Manosso Cartaxo","Trabalho aceito"
"Jeniffer Alessandra Ribeiro Andrade","INFECÇÃO POR NEMATÓDEOS GASTRINTESTINAIS EM OVELHAS SUBMETIDAS OU NÃO À MAMADA CONTROLADA","Ciências Agrárias","Raquel Abdallah da Rocha Oliveira","Wilson Massamitu Furuya","Trabalho aceito"
"Jeniffer Caroline Kalisz","ACERVO DE METEORÍTICA NO MUSEU DE CIÊNCIAS NATURAIS DA UEPG","Ciências Exatas e da Terra","Antonio Liccardo","Cássia Gonçalves Magalhães","Trabalho aceito"
"Jennifer Yasmin Penteado","ASPECTOS SINTÁTICOS DA LIBRAS: UM PRIMEIRO OLHAR SOBRE A PREDICAÇÃO SECUNDÁRIA","Linguística, Letras e Artes","Marcos Barbosa Carreira","","Trabalho aceito"
"Jeovana Kaminoski de Melo","Modulação do perfil de resistência a antibióticos para Mycobacterium smegmatis por meio de moléculas sinalizadoras de linhagens probióticas","Ciências Biológicas","Marcos Pileggi","","Para avaliação"
"Jerusa Wrobel da Silva","BIBLIOMETRIA E SÍNTESE BIBLIOGRÁFICA: INTERSECÇÕES ENTRE HISTÓRIA ORAL DE VIDA E DIDÁTICA DA HISTÓRIA","Ciências Humanas","Luis Fernando Cerri","Luiz Alexandre Gonçalves Cunha","Trabalho aceito"
"Jessaminy Luchesi Breves","EROSÃO HÍDRICA EM PLANTIO DIRETO COM E SEM PRÁTICA MECÂNICA PARA CONTROLE DO ESCOAMENTO SUPERFICIAL","Ciências Agrárias","Fabricio Tondello Barbosa","Eduardo Augusto Agnellos Barbosa","Trabalho aceito"
"Jessyka Cristina Gomes de Christo","Prevalência da inatividade física em pessoas vivendo com HIV/AIDS nos Campos Gerais","Ciências da Saúde","Erildo Vicente Müller","Julio Cesar Miné","Trabalho aceito"
"Jessé Ricardo Stori de Lara","Entre Alinhamentos e Contradições: Reflexões sobre o Currículo da Rede Estadual Paranaense","Linguística, Letras e Artes","Lucimar Araujo Braga","Alvaro Kasuaki Fujihara","Trabalho aceito"
"Joao Antonio Leonardo de Castro","COMPARAÇÃO DOS FATORES DE RISCO ASSOCIADOS À PNEUMONIA INFANTIL HOSPITALAR E ADQUIRIDA NA COMUNIDADE EM CRIANÇAS INTERNADAS EM DOIS HOSPITAIS DO SUL DO BRASIL","Ciências Biológicas","Larissa Bail","Susete Wambier Christo","Trabalho aceito"
"Joao Augusto Joanico Kossar","TEIN EXENPLO: GRAFIAS NÃO CONVENCIONAIS DE NASAIS POR ESTUDANTES DO SEXTO ANO DE PONTA GROSSA","Linguística, Letras e Artes","Márcia Cristina do Carmo","Alvaro Kasuaki Fujihara","Trabalho aceito"
"Joao Elias Annes de Assis","ESTUDO MATEMÁTICO DA REMOÇÃO DE NITRATO EM REATOR DE LEITO FIXO DE SABUGO DE MILHO","Engenharias","Guilherme Araujo Vuitik","Gabriela Mazureki Campos Bahniuk","Trabalho aceito"
"Joao Henrique Castro de Oliveira","LÍQUIDOS QUIRAIS, DIFUSÃO E A QUESTÃO DO   MOMENTO LINEAR.","Ciências Exatas e da Terra","Julio Flemming Neto","Cássia Gonçalves Magalhães","Trabalho aceito"
"Joao Lucas Bittencourt A Pereira","ANÁLISE HISTOLÓGICA DAS LESÕES CARDÍACAS INDUZIDAS PELO VENENO BRUTO DA VESPA SOCIAL Polybia paulista EM RATOS WISTAR TRATADOS COM NARINGINA","Ciências Biológicas","Marcia Regina Paes de Oliveira","Dionízia Xavier Scomparin","Trabalho aceito"
"Joao Luis Rodrigues Machado","O DESEMPENHO EM ESCRITA NOS ANOS FINAIS DO ENSINO FUNDAMENTAL","Ciências Humanas","Nelba Maria Teixeira Pisacco","Simone Regina Manosso Cartaxo","Trabalho aceito"
"Joao Matheus Grochovski Seraphim","Caracterização dos Equipamentos Urbanos como Base para o Planejamento Urbano e Regional do Município de Guaraqueçaba, Paraná","Ciências Humanas","Luiz Alexandre Gonçalves Cunha","Maria Isabel Moura Nascimento","Trabalho aceito"
"Joao Matheus Schirlo","ASSOCIAÇÃO ENTRE O USO DE ANTIBIÓTICOS E O DESENVOLVIMENTO DE INFECÇÃO POR Clostridioides difficile (ICD) EM PACIENTES INTERNADOS EM UM HOSPITAL DO PARANÁ","Ciências Biológicas","Carmen Antonia Sanches Ito","Dionízia Xavier Scomparin","Trabalho aceito"
"Joao Matheus Ximarelli Fuglini","TRADUÇÃO COMO FORMA DE MANIPULAÇÃO NO ÂMBITO DAS DISTOPIAS","Linguística, Letras e Artes","Evanir Pavloski","Josie Agatha Parrilha da Silva","Trabalho aceito"
"Joao Paulo Lima Rodrigues","CONVERSOR CC-CC BUCK-BOOST KUWABARA-HIYACHIKA COM REDUZIDA ONDULAÇÃO DE CORRENTE DE ENTRADA","Engenharias","Zito Palhano da Fonseca","","Para avaliação"
"Joao Pedro Araujo","RISCO RENAL DA OBESIDADE EM PACIENTES DO PROGRAMA HIPERDIA  ACOMPANHADOS NA ATENÇÃO PRIMARIA À SAUDE ATRAVÉS DA CONSULTA DE ENFERMA-GEM","Ciências da Saúde","Juliana Regina Dias Mikowski","Lidia Dalgallo Zarpellon","Trabalho aceito"
"Joao Pedro Chaves Simao","ESTUDO E ANÁLISE DO USO DE VARIAÇÕES DE REDES NEURAIS CONVOLUCIONAIS EM BASES DE DADOS DE IMAGENS VEGETAIS","Engenharias","Jonathan de Matos","","Para avaliação"
"Joao Rocha Mattos","O DIREITO À CIDADE NA JURISPRUDÊNCIA DO TJMG: uma tentativa de levantamento e sistematização de sua decisões (1988 A 2024)","Ciências Sociais Aplicadas","Igor Sporch da Costa","Hebe Maria Gonçalves de Oliveira","Trabalho aceito"
"Joao Victor Caetano de Oliveira","MICROORGANISMOS  PREVALENTES EM PACIENTES EM SEPSE E  TRATAMENTOS ANTIMICROBIANOS DE UM HOSPITAL NO INTERIOR DO PARANÁ","Ciências da Saúde","Maria Dagmar da Rocha Gaspar","Lidia Dalgallo Zarpellon","Trabalho aceito"
"Joao Victor Gelain","Efeito da aplicação de uma camada hidrófoba extra contendo ou não 10-metacriloiloxidecil di-hidrogênio fosfato na resistência de união em adesivos universais em dentina","Ciências da Saúde","Alessandro Dourado Loguercio","Pollyanna Kássia de Oliveira Borges","Trabalho aceito"
"Joao Victor Kolodzieski","IDENTIDADE DE PROFESSORES EM FORMAÇÃO NO CURSO DE LETRAS","Linguística, Letras e Artes","Lucimar Araujo Braga","Alvaro Kasuaki Fujihara","Trabalho recusado"
"Joao Victor Maciel de Souza","DISCURSOS, REPRESENTAÇÕES E VIVÊNCIAS LGBTQIAP+ NOS QUADRINHOS DE X-MEN","Ciências Humanas","Georgiane Garabely Heil Vázquez","Maria Isabel Moura Nascimento","Trabalho aceito"
"Joao Victor Vardenski de Andrade","INOVAÇÃO AGRÍCOLA NO USO DE SMART CONTRACTS NA RASTREABILIDADE","Ciências Exatas e da Terra","Maria Salete Marcon Gomes Vaz","Rosane Falate","Trabalho aceito"
"Joao Vitor Bobato","O papel da Agência Lupa no combate à desinformação sobre as enchentes no Rio Grande do Sul","Ciências Sociais Aplicadas","Carlos Alberto de Souza","","Para avaliação"
"Joao Vitor Correa Strack","POTENCIAL PRODUTIVO DE GENÓTIPO DE BATATA-DOCE","Ciências Agrárias","Pedro Henrique Weirich Neto","Eliane Dalva Godoy","Trabalho aceito"
"Joao Vitor de Resende","A ótica geométrica de Cruz aplicada a lentes bola.","Ciências Exatas e da Terra","Gerson Kniphoff da Cruz","","Para avaliação"
"Joao Vitor Dias","O CURRÍCULO DA EDUCAÇÃO BÁSICA: A VIOLÊNCIA DE GÊNERO","Linguística, Letras e Artes","Lucimar Araujo Braga","Josie Agatha Parrilha da Silva","Trabalho recusado"
"Joao Vitor Muniz Carrano","ESTIMATIVA DA ANÁLISE POLÍNICA DOS MÉIS DE MANDAÇAIA (Melipona quadrifasciata) DO MELIPONÁRIO DA UNIVERSIDADE ESTADUAL DE PONTA GROSSA","Ciências Agrárias","Maria Marta Loddi","Wilson Massamitu Furuya","Trabalho aceito"
"Joao Vitor Schneckenberg Calandrini","Estudo dos efeitos da substituição parcial do Co por Fe na composição do La0.6Sr0.4CoO3-δ (LSC)","Engenharias","Adilson Luiz Chinelatto","","Para avaliação"
"Joao Vitor Tomadon Daciuk","ANÁLISE ESTATÍSTICA E ELABORAÇÃO DE DASHBOARD COM AS INFORMAÇÕES DE PRODUÇÃO CIENTÍFICA DOS SETORES E DEPARTAMENTOS DA UEPG","Ciências Exatas e da Terra","Deyse Márcia Pacheco Gebert","Cássia Gonçalves Magalhães","Trabalho aceito"
"Jose Eduardo Bida de Menezes","DEGRADAÇÃO DE AZUL DE METILENO POR BACTÉRIAS ISOLADAS DE MEL DE ABELHA JATAÍ","Ciências Biológicas","Marcos Pileggi","Susete Wambier Christo","Trabalho aceito"
"Jose Mateus Biscaia Solak","RESGATE VEGETATIVO DE Trema micranthum (L.) Blume ESPÉCIE SUBTROPICAL PARA USOS MULTIPLOS","Ciências Biológicas","Rosimeri de Oliveira Fragoso","Dionízia Xavier Scomparin","Trabalho aceito"
"Jozias Lopes Dierka","Avaliação das características do esterco sólido usado como cama para  vacas leiteiras em confinamento","Ciências Agrárias","Adriana de Souza Martins","Wilson Massamitu Furuya","Trabalho aceito"
"João Gabriel Alves Estevo","ANÁLISE HISTOLÓGICA E BIOQUÍMICA EM AMOSTRAS BIOLÓGICAS","Ciências da Saúde","Vitoldo Antonio Kozlowski Junior","Julio Cesar Miné","Trabalho aceito"
"João Pedro Antunes Plinta","REDUÇÃO DE ARTEFATOS IMAGINOLÓGICOS EM PLANEJAMENTO CIRÚRGICO GUIADO: COMPARAÇÃO DE MATERIAIS ODONTOLÓGICOS","Ciências da Saúde","Marcela Claudino da Silva Nardino","Fabiana Bucholdz Teixeira Alves","Trabalho aceito"
"João Pedro Motter de Carvalho","ANÁLISE DAS COMPLICAÇÕES INTRA-HOSPITALARES DE PACIENTES COM SARCOPENIA VÍTIMAS DE TRAUMATISMO CRANIOENCEFÁLICO","Ciências da Saúde","Leonardo Christiaan Welling","Pollyanna Kássia de Oliveira Borges","Trabalho aceito"
"João Victor Shiramizu de Lima","INTEGRAÇÃO DE DADOS CLIMÁTICOS PARA ANÁLISE DE IMPACTOS AMBIENTAIS NA AGRICULTURA","Ciências Exatas e da Terra","Maria Salete Marcon Gomes Vaz","Giuliano Gadioli La Guardia","Trabalho aceito"
"Juan Cassius Carneiro Pereira","DESENVOLVIMENTO DE SISTEMA PARA A BIODEGRADAÇÃO DE POLÍMEROS E COMPÓSITOS POLIMÉRICOS","Engenharias","Luis Antonio Pinheiro","Carlos Emmanuel Ribeiro Lautenschlager","Trabalho recusado"
"Julia Barbosa dos Santos","Caracterização e ensaio de dissolução de micropartículas poliméricas contendo curcumina e piperina","Ciências da Saúde","Paulo Vitor Farago","Andressa Novatski","Trabalho aceito"
"Julia Bueno Cunha","SELEÇÃO DE FRAGMENTOS DE PUBLICAÇÕES ACADÊMICAS E LITERÁRIAS RELACIONADAS À PRODUÇÃO DA PEÇA A QUE FAZ","Ciências Humanas","Leila Inês Follmann Freire","","Trabalho aceito"
"Julia Carolina Spolidoro Aardoom","LINHAGENS DE TRIGO TOLERANTES AO ALUMÍNIO SELECIONADAS EM SOLUÇÃO MÍNIMA (Ca + Al) TOLERAM SOLO COM ALTA SATURAÇÃO POR ALUMÍNIO ?","Ciências Agrárias","Rodrigo Rodrigues Matiello","Eduardo Augusto Agnellos Barbosa","Trabalho aceito"
"Julia Daniela Hertel","ANÁLISE MORFOANATÔMICA E IDENTIFICAÇÃO DE METÁSTASES EM CADAVÉR HUMANA ACOMETIDA DE CÂNCER NO ÚTERO","Ciências Biológicas","Bruno Pedroso","Susete Wambier Christo","Trabalho aceito"
"Julia Eduarda da Silva","USO DO ÓXIDO DE ZINCO SOBRE A INTEGRIDADE INTESTINAL DE LEITÕES EM CRECHE","Ciências Agrárias","Cheila Roberta Lehnen","Wilson Massamitu Furuya","Trabalho aceito"
"Julia Gruzska Neta","AMINOÁCIDOS HIDROLISADOS COMO ESTRATÉGIA PARA MITIGAR O ESTRESSE  HÍDRICO NO MILHO CULTIVADO EM SOLO ARENOSO","Ciências Agrárias","Adriel Ferreira da Fonseca","Adriana de Souza Martins","Trabalho aceito"
"Julia Isabela de Souza","ESCOLA INDÍGENA: COORDENAÇÃO PEDAGÓGICA E BILINGUISMO","Linguística, Letras e Artes","Lígia Paula Couto","Josie Agatha Parrilha da Silva","Trabalho aceito"
"Julia Kapp Lepinski","Avaliação do efeito in vivo de nanocápsulas de clorexidina em pacientes submetidos à ventilação mecânica","Ciências da Saúde","Paulo Vitor Farago","Jane Manfron","Trabalho aceito"
"Julia Rafaela Szafranski Pereira","NANOPARTÍCULAS DE AMIDO CONTENDO BIOATIVOS ANTIOXIDANTES","Ciências Agrárias","Juliana Bonametti Olivato","Eliane Dalva Godoy","Trabalho aceito"
"Julia Schuster Dalacorte","AVALIAÇÃO DA INTEGRIDADE TECIDIAL NO PAVILHÃO AURICULAR DE SUÍNOS EX VIVO APÓS  EXPOSIÇÃO À DIFERENTES COMPOSTOS COSMÉTICOS","Ciências Exatas e da Terra","Andressa Novatski","Rosane Falate","Trabalho aceito"
"Julia Vitoria Chiquito Iaroczinski","PROTAGONISMO DO ENFERMEIRO NA EDUCAÇÃO ALIMENTAR DE CRIANÇAS NO AMBIENTE ESCOLAR","Ciências da Saúde","Juliana Regina Dias Mikowski","","Para avaliação"
"Julian Pinto Iurczyszyn","ANÁLISE DA COBERTURA MIDIÁTICA SOBRE VIOLÊNCIA LGBTQIA+ NOS ANOS 1978-1981: UM ESTUDO DO JORNAL LAMPIÃO DA ESQUINA","Ciências Humanas","Georgiane Garabely Heil Vázquez","Maria Isabel Moura Nascimento","Trabalho aceito"
"Juliana Alves de Franca Becher","ESTRATÉGIAS DE EDUCAÇÃO EM SAÚDE PARA O MANEJO DO ALEITAMENTO MATERNO: REVISÃO DE ESCOPO","Ciências da Saúde","Fabiana Bucholdz Teixeira Alves","","Para avaliação"
"Juliana Martins Andrade de Freitas","INCIDÊNCIA E TRATAMENTO COM ANTICORPO DROGA CONJUGADO EM CÂNCER DE MAMA TIPO HER2-LOW EM DIFERENTES POPULAÇÕES: UMA REVISÃO SISTEMÁTICA.","Ciências da Saúde","Fabio Postiglione Mansani","","Para avaliação"
"Juliana Rosa Gabriel","INFILTRAÇÃO DE ÁGUA E RESISTÊNCIA DO SOLO À PENETRAÇÃO EM DIFERENTES MANEJOS DO SOLO","Ciências Agrárias","Fabricio Tondello Barbosa","Eduardo Augusto Agnellos Barbosa","Trabalho aceito"
"Juliana Tais Ruppel","REVISÃO SISTEMÁTICA COM METANÁLISE SOBRE USO DE FOTOBIOMODULAÇÃO E USO DE LASER NO TRATAMENTO DA COVID-LONGA","Ciências da Saúde","Pollyanna Kássia de Oliveira Borges","","Para avaliação"
"Juliana Tech","COMPARAÇÃO DO PERFIL DAS INFECÇÕES CAUSADAS POR KLEBSIELLA SP E OUTRAS BACTÉRIAS PRODUTORAS DA ENZIMA NEW-DELHI METALOBETALACTAMASE","Ciências Biológicas","Elisangela Gueiber Montes","Susete Wambier Christo","Trabalho aceito"
"Juliane Tramontim","Associação entre capacidade funcional e fragilidade em idosos hospitalizados","Ciências da Saúde","Paulo Vitor Farago","Luis Antonio Esmerino","Trabalho aceito"
"Juliano Zimmermann Ferreira","ESTUDO DE DISPAROS NEURONAIS   CONSIDERANDO O MODELO HODGKIN-HUXLEY","Ciências Exatas e da Terra","Antonio Marcos Batista","Rosane Falate","Trabalho aceito"
"Julie Thamiris Garcia Marques","Vozes Indígenas na História: Um Estudo Comparativo de Narrativas Didáticas","Ciências Humanas","Paulo Eduardo Dias de Mello","Simone Regina Manosso Cartaxo","Trabalho aceito"
"Jully Sthefani Domareski da Silva","SÍNTESE, CARACTERIZAÇÃO E ESTUDO COMPARATIVO DE UMA SÉRIE DE COMPLEXOS CATIÔNICOS DE RUTÊNIO(II)-ARENO-TRIARILFOSFINA","Ciências Exatas e da Terra","Karen Wohnrath","Cássia Gonçalves Magalhães","Trabalho aceito"
"Kalaynne Miria Possidonio Hoffmann","COMPÓSITOS DE PLA COM PRATA: EFEITO DA DISPERSÃO DA PRATA POR MOAGEM NAS PROPRIEDADES","Engenharias","Adriane Bassani Sowek","Márcio Ferreira Hupalo","Trabalho aceito"
"Kamila Dayane Oliveira","AURICULOTERAPIA COMO TERAPIA COMPLEMENTAR NO TRATAMENTO DA DOR CRÔNICA E ANSIEDADE ASSOCIADA ÀS DISFUNÇÕES TEMPOROMANDIBULARES.","Ciências da Saúde","Luciana Dorochenko Martins","Lidia Dalgallo Zarpellon","Trabalho aceito"
"Karyn Maria Wenglarek","DESENVOLVIMENTO DE BALONIZAÇÃO E FIBROSE EM MODELO EXPERIMENTAL DE  DOENÇA HEPÁTICA GORDUROSA NÃO ALCOÓLICA INDUZIDA POR DIETA À BASE DE GEMA DE OVO","Ciências da Saúde","Mário Claudio Soares Sturzeneker","Julio Cesar Miné","Trabalho aceito"
"Kathleen Chem Gaspar","O EFEITO DA MATURAÇÃO BIOLÓGICA NAS RESPOSTAS TÉCNICO-TÁTICAS DURANTE JO-GOS REDUZIDOS DE FUTEBOL","Ciências Biológicas","Bruno Pedroso","Marcia Regina Paes de Oliveira","Trabalho aceito"
"Kathleen Emanuelle Schramm","ESTRATÉGIA DIDÁTICA ARTÍSTICA NA INCLUSÃO DE ESTUDANTES COM DEFICIÊNCIA VISUAL","Linguística, Letras e Artes","Adriana Rodrigues Suarez","Josie Agatha Parrilha da Silva","Trabalho aceito"
"Katlyn Cristine de França de Oliveira","CONTROLE DE QUALIDADE DE SABÕES PRODUZIDOS A PARTIR DE MATÉRIA PRIMA RENOVÁVEL","Ciências Exatas e da Terra","Patrícia Los Weinert","Andressa Novatski","Trabalho aceito"
"Kaua Ariel Pereira da Silva","ATIVIDADE TRIPANOCIDA E CITOTÓXICA DE METABÓLITOS SECUNDÁRIOS DE ESTIRPES DE Pseudomonas spp. ISOLADAS DO SOLO DOS CAMPOS GERAIS - PARANÁ","Ciências Biológicas","Iriane Eger","Dionízia Xavier Scomparin","Trabalho aceito"
"Kauandra Padilha","A FORMAÇÃO INICIAL NO CURSO DE PEDAGOGIA PARA A PRÁTICA PEDAGÓGICA NA EDUCAÇÃO INFANTIL","Ciências Humanas","Marilucia Antonia de Resende Peroza","Simone Regina Manosso Cartaxo","Trabalho aceito"
"Kauane Duarte","QUANTIFICAÇÃO DE POLIFENOLOXIDASE EM SEMENTES DE FEIJÃO TRATADAS COM PRODUTOS ALTERNATIVOS","Ciências Agrárias","Maristella Dalla Pria","Eliane Dalva Godoy","Trabalho aceito"
"Kauane Poliane Kampa","EFICIÊNCIA DA APLICAÇÃO SUPERFICIAL DE CORRETIVOS AGRÍCOLAS PARA A PRODUÇÃO DE TRIGO EM PLANTIO DIRETO","Ciências Agrárias","Eduardo Fávero Caires","Eduardo Augusto Agnellos Barbosa","Trabalho aceito"
"Kauane Victoria Szemocoviaki","AVALIAÇÃO TEMPORAL DO EFEITO DO TERRACEAMENTO AGRÍCOLA NAS PROTEÍNAS DO SOLO RELACIONADAS À GLOMALINA","Ciências Biológicas","Carolina Weigert Galvão","Dionízia Xavier Scomparin","Trabalho aceito"
"Kauanny Nicole dos Santos","Evasão da radiação RF em fornos micro-ondas em função do distanciamento","Engenharias","Jose Flavio Marcelino Borges","Márcio Ferreira Hupalo","Trabalho aceito"
"Kauanny Souza de Oliveira","A INTERFERENCIA NA ARQUITETURA PARA UM NOVO USO DE EDIFICAÇÕES PARA O SETOR HOTELEIRO NO MUNICÍPIO DE CURITIBA - PR","Ciências Sociais Aplicadas","Luiz Fernando de Souza","Alex Sander Souza do Carmo","Trabalho aceito"
"Kauany Vitoria Hadena Pereira","CARACTERIZAÇÃO QUÍMICA DO ÓLEO ESSENCIAL EXTRAÍDO DA RESINA DE PROTIUM HEPTAPHYLLUM","Ciências Biológicas","Edmar Miyoshi","Dionízia Xavier Scomparin","Trabalho aceito"
"Kayky Diniz Daniel","EFEITOS DA ADMINISTRAÇÃO DE GESTRINONA SOBRE A MORFOFUNÇÃO RENAL DE RATAS OBESAS","Ciências Biológicas","Rosane Aparecida Ribeiro","Susete Wambier Christo","Trabalho aceito"
"Ketllin Thalia Bequer","ESTUDO DOS EFEITOS TOXICOLOGICOS DA GARRAFADA DE Euphorbia tirucalli ATRAVÉS DE TESTES IN VITRO","Ciências da Saúde","Vitoldo Antonio Kozlowski Junior","Andressa Novatski","Trabalho aceito"
"Ketlyn Moacyr Correia Paz","A PRODUÇÃO ARTÍSTICO CULTURAL NOS FESTIVAIS DE TEATRO E MÚSICA DA UEPG: HISTÓRIA, PALCO E VISUALIDADE","Linguística, Letras e Artes","Nelson Silva Junior","Josie Agatha Parrilha da Silva","Trabalho recusado"
"Kevelyn Eduarda Ferreira","MUSEU E HISTÓRIA DA EDUCAÇÃO ESCOLAR: FONTES ICONOGRÁFICAS","Ciências Humanas","Paulo Eduardo Dias de Mello","","Para avaliação"
"Khaua Diego Vieira Mudrich","AVALIAÇÃO DO ENVOLVIMENTO DA SEROTONINA NO EFEITO ANSIOLÍTICO DO ÓLEO ESSENCIAL DA EUGENIA UNFLORA NO PEIXE-ZEBRA (DANIO RERIO)","Ciências Biológicas","Marcelo Machado Ferro","Dionízia Xavier Scomparin","Trabalho aceito"
"Kizelli Barboza da Silva","PARTICIPAÇÃO DO SISTEMA SEROTONINÉRGICO NO EFEITO ANSIOLÍTICO DO EXTRATO AQUOSO DE EUGENIA UNIFLORA NO PEIXE-ZEBRA (DANIO RERIO)","Ciências Biológicas","Marcelo Machado Ferro","Dionízia Xavier Scomparin","Trabalho aceito"
"Lais Paz Kalatai","REVISÃO SISTEMÁTICA COM METANÁLISE SOBRE O IMPACTO DA COVID LONGA SOBRE AS ATIVIDADES DIÁRIAS","Ciências da Saúde","Pollyanna Kássia de Oliveira Borges","Lidia Dalgallo Zarpellon","Trabalho aceito"
"Lais Van Santen Costa","AÇÃO ANTIBACTERIANA DOS ÓLEOS ESSENCIAIS DE CANELA (Cinnamomum verum), CURCUMA (Curcuma longa) E MELALEUCA (Melaleuca alternifolia) CONTRA Pseudomonas aeruginosa","Ciências da Saúde","Shelon Cristina Souza Bandeca","Jane Manfron","Trabalho aceito"
"Laise Suellen de Oliveira Cunha","O DIREITO À CIDADE NA JURISPRUDÊNCIA DO TJRS:  UMA TENTATIVA DE LEVANTAMENTO E SISTEMATIZAÇÃO DE SUAS DECISÕES (1988 A 2024)","Ciências Sociais Aplicadas","Igor Sporch da Costa","","Trabalho aceito"
"Larissa Avelar Ciunek","O outro lado da história: a recepção clássica e feminista no livro Galateia: um conto, de Madeline Miller","Linguística, Letras e Artes","Jane Kelly de Oliveira","Keli Cristina Pacheco","Trabalho aceito"
"Larissa Dal Col Calado","QUALIDADE DE CARCAÇA DE CORDEIROS EM TERMINAÇÃO, SUBMETIDOS OU NÃO À MAMADA CONTROLADA","Ciências Agrárias","Raquel Abdallah da Rocha Oliveira","Wilson Massamitu Furuya","Trabalho aceito"
"Larissa Jandrey Fraitag","Ensinar crianças alemãs em solo brasileiro: escolas alemãs no Oeste de Santa Catarina","Ciências Humanas","Paulo Eduardo Dias de Mello","Maria Isabel Moura Nascimento","Trabalho aceito"
"Larissa Starke Erdmann","A UTILIZAÇÃO DE EDIFICAÇÕES DE CUNHO RELIGIOSO QUE SOFREM INTERVENÇÕES ARQUITETÔNICAS PARA ATENDER A DEMANDA DO SETOR HOTELEIRO","Ciências Sociais Aplicadas","Luiz Fernando de Souza","Alex Sander Souza do Carmo","Trabalho aceito"
"Lauane Vitoria Cordeiro da Fonseca","APLICAÇÃO DE EMBALAGEM BIODEGRADÁVEL INTELIGENTE NO ARMAZENAMENTO DE PRODUTOS CÁRNEOS","Ciências Agrárias","Juliana Bonametti Olivato","Eliane Dalva Godoy","Trabalho aceito"
"Laura Emanuelle Torres Nunes","Literacia em Saúde e adesão terapêutica em pessoas idosas sob reabilitação funcional","Ciências da Saúde","Jacy Aurelia Vieira de Sousa","","Para avaliação"
"Laura Ferreira Bastos","O QUE SE MOSTRA EM ""A QUE FAZ""?: UMA ANÁLISE TEXTUAL DE UMA PEÇA  DE TEATRO CIENTÍFICO","Ciências Humanas","Leila Inês Follmann Freire","Simone Regina Manosso Cartaxo","Trabalho aceito"
"Laura Lascosk","O DIREITO À CIDADE NA JURISPRUDÊNCIA DO TJSC:  UMA TENTATIVA DE LEVANTAMENTO E SISTEMATIZAÇÃO DE SUAS DECISÕES (1988 A 2024)","Ciências Sociais Aplicadas","Igor Sporch da Costa","Eliezer Gomes da Silva","Trabalho aceito"
"Laura Vitoria Fontana Ferreira","Velocidade do escoamento superficial em diferentes sistemas de manejo conservacionistas","Ciências Agrárias","Eduardo Augusto Agnellos Barbosa","Adriana de Souza Martins","Trabalho aceito"
"Layane Michalowski Teixeira","ACERVO GEMOLÓGICO DO MUSEU DE CIÊNCIAS NATURAIS DA UEPG - CATALOGAÇÃO E TRANSPOSIÇÃO DIDÁTICA","Ciências Exatas e da Terra","Antonio Liccardo","Rosane Falate","Trabalho aceito"
"Layse Kobilarz Netto","SÍNTESE DE CHALCONAS COM SUBSTITUINTES METOXI E HIDROXILA PARA AVALIAÇÃO DO POTENCIAL ANTIOXIDANTE","Ciências Exatas e da Terra","Barbara Celânia Fiorin","Giuliano Gadioli La Guardia","Trabalho aceito"
"Leandro Augusto Oliveira dos Santos","Entre Dworkin e Hart: caminhos da discricionariedade judicial","Ciências Sociais Aplicadas","Murilo Duarte Costa Correa","Eliezer Gomes da Silva","Trabalho aceito"
"Leonardo Andrade de Matos","Tópicos de Análise Funcional e Formulação Variacional de Problemas de Contorno Unidimensionais","Ciências Exatas e da Terra","Leonardo Pires","Giuliano Gadioli La Guardia","Trabalho aceito"
"Leonardo Augusto Kravicz","AVALIAÇÃO DA POTENCIAL DE CITOTOXIDADE IN VITRO DE DERIVADOS DA CURCUMINA E DA HESPERETINA poli-O-n-alquilados EM LINHAGENS TUMORAIS","Ciências Biológicas","Juliana Inaba","Dionízia Xavier Scomparin","Trabalho aceito"
"Leonardo Augusto Mendes","Evolução Microestrutural de Compósitos da Liga de Titânio Ti-13Nb-13Zr com Reforço de TiC","Engenharias","Márcio Ferreira Hupalo","Carlos Emmanuel Ribeiro Lautenschlager","Trabalho aceito"
"Leonardo Henrique Ferreira","ANÁLISE HISTOLÓGICA DAS LESÕES RENAIS INDUZIDAS PELO VENENO BRUTO DA VESPA SOCIAL Polybia paulista EM RATOS WISTAR TRATADOS COM NARINGINA","Ciências Biológicas","Marcia Regina Paes de Oliveira","Susete Wambier Christo","Trabalho aceito"
"Leonardo Perreto","MICROALBUMINA E ESTRATIFICAÇÃO DE RISCO CARDIOVASCULAR: UMA REVISÃO DE ESCOPO","Ciências da Saúde","Gerusa Clazer Halila Possagno","Lidia Dalgallo Zarpellon","Trabalho aceito"
"Leonardo Trzaskos Laudelino","EFEITO DA APLICAÇÃO DE UMA CAMADA EXTRA HIDRÓFOBA CONTENDO OU NÃO 10-METACRILOILOXIDECIL DI-HIDROGÊNIO FOSFATO SOBRE ADESIVOS UNIVERSAIS NO GRAU DE CONVERSÃO POR ESPECTROSCOPIA POR MICRO-RAMAN","Ciências da Saúde","Alessandro Dourado Loguercio","Fabiana Bucholdz Teixeira Alves","Trabalho recusado"
"Leticia Akemi Nakayama dos Reis","AVALIAÇÃO DA ATIVIDADE ANTIMICROBIANA DOS ÓLEOS ESSENCIAIS DE TOMILHO (Thymus vulgaris), ÓREGANO (Origanum vulgare) E CURCUMA (Curcuma Longa) CONTRA Enterococcus faecalis POR MEIO DA TÉCNICA DE MICRODILUIÇÃO","Ciências da Saúde","Shelon Cristina Souza Bandeca","Jane Manfron","Trabalho aceito"
"Leticia Alves de Oliveira","CONDIÇÕES DE TRABALHO DE PROFESSORES(AS) DA EDUCAÇÃO BÁSICA, ADOECIMENTO E SAÚDE: INDICATIVOS A PARTIR DA PRODUÇÃO ACADÊMICA","Ciências Humanas","Carina Alves da Silva Darcoleto","Simone Regina Manosso Cartaxo","Trabalho aceito"
"Leticia Alves Pereira","Literacia em Saúde, exercício físico e pessoas idosas da comunidade","Ciências da Saúde","Jacy Aurelia Vieira de Sousa","Alfredo Cesar Antunes","Trabalho aceito"
"Leticia Aparecida dos Santos","PROLIFERAÇÃO CELULAR E INTEGRIDADE INTESTINAL DE LEITÕES ALIMENTADOS COM DIETAS CONTENDO PLASMA SANGUÍNEO","Ciências Agrárias","Cheila Roberta Lehnen","Wilson Massamitu Furuya","Trabalho aceito"
"Leticia da Silva de Oliveira","Avaliação citotóxica de nanopartículas formadas por hidroxiapatita de cálcio e luteolina","Ciências da Saúde","Paulo Vitor Farago","Jane Manfron","Trabalho aceito"
"Leticia de Camargo Huller","Epidemiologia, diagnóstico e terapêutica da criptorquidia em crianças. Um estudo de coorte  retrospectivo no município de Ponta Grossa, Brasil.","Ciências da Saúde","Renato Van Wilpe Bach","","Para avaliação"
"Leticia Oliveira de Paula","PERDA DE NUTRIENTES VIA ESCOAMENTO SUPERFICIAL EM ENCOSTA SOB PLANTIO DIRETO COM E SEM TERRACEAMENTO AGRÍCOLA","Ciências Agrárias","Eduardo Augusto Agnellos Barbosa","Adriana de Souza Martins","Trabalho aceito"
"Leticia Souza de Paula","APLICATIVOS (Apps) GRATUITOS DE ATIVIDADE FÍSICA, SAÚDE E QUALIDADE DE VIDA PARA USO DA POPULAÇÃO EM ESPAÇOS PÚBLICOS","Ciências Sociais Aplicadas","Alfredo Cesar Antunes","Alex Sander Souza do Carmo","Trabalho aceito"
"Lidiane Patrine Mendes Batista","VIRGINIA WOOLF E SEUS ESCRITOS FEMINISTAS","Ciências Humanas","Oriomar Skalinski Júnior","Simone Regina Manosso Cartaxo","Trabalho aceito"
"Ligia Petrech Martins","O DIREITO À CIDADE NA JURISPRUDÊNCIA DA JUSTIÇA ESTADUAL DAS REGIÕES CENTRO-OESTE E NORTE BRASILEIRAS:  UMA TENTATIVA DE LEVANTAMENTO E SISTEMATIZAÇÃO DE SUAS DECISÕES (1988 A 2024)","Ciências Sociais Aplicadas","Igor Sporch da Costa","Hebe Maria Gonçalves de Oliveira","Trabalho aceito"
"Lilyan Barbara Ruivo","PROSPECÇÃO DE BACTÉRIAS FIXADORAS DE NITROGÊNIO NA CULTURA DO TREMOÇO","Ciências Biológicas","Jesiane Stefania da Silva Batista","Dionízia Xavier Scomparin","Trabalho aceito"
"Livia de Morais Pereira","PERTENCIMENTO E ENSINO DE HISTÓRIA LOCAL: ANÁLISE DAS PRODUÇÕES DO ENCONTRO NACIONAL PERSPECTIVAS DO ENSINO DE HISTÓRIA (2012-2021)","Ciências Humanas","Luis Fernando Cerri","Luiz Alexandre Gonçalves Cunha","Trabalho aceito"
"Loraine Mara Kavalkeviz","GUÍSELA FREY CHAMMA E A HISTORIOGRAFIA REGIONAL PARANAENSE (1967-2007)","Ciências Humanas","Antonio Paulo Benatte","Luiz Alexandre Gonçalves Cunha","Trabalho aceito"
"Lorenzo Priotto dos Santos","APONTAMENTOS SOBRE UM INTELECTUAL COMUNISTA: UMA LEITURA DA OBRA DE LEANDRO KONDER A PARTIR DA HISTÓRIA INTELECTUAL (1989-2008)","Ciências Humanas","Erivan Cassiano Karvat","Luiz Alexandre Gonçalves Cunha","Trabalho aceito"
"Lua Francisco Sales Rosa","A DUALIDADE ECLESIÁSTICA DO ESCRAVISMO NEGRO E AMERINDIO DURANTE O REINADO DOS AVIS","Ciências Humanas","Ilton Cesar Martins","Simone Regina Manosso Cartaxo","Trabalho aceito"
"Luana Caroline Wilsek","AVALIAÇÃO BIOQUÍMICA DE TRIGLICERÍDEOS E COLESTEROL TOTAL EM RATOS COM DIETA HIPERCALÓRICA TRATADOS COM INSULINA NANOENCAPSULADA","Ciências da Saúde","Leandro Cavalcante Lipinski","Jane Manfron","Trabalho aceito"
"Luana Hitomi Watanabe","AMINOÁCIDOS HIDROLISADOS COMO ESTRATÉGIA PARA MITIGAR O ESTRESSE  HÍDRICO NO MILHO CULTIVADO EM SOLO ARGILOSO","Ciências Agrárias","Adriel Ferreira da Fonseca","Adriana de Souza Martins","Trabalho aceito"
"Luana Martins de Oliveira","DOR CRÔNICA PÓS-ESTERNOTOMIA PARA CIRURGIA CARDÍACA","Ciências da Saúde","Mário Augusto Cray da Costa","","Para avaliação"
"Luane Victoria Duartes de Paula","Comércio Ambulante em Ponta Grossa-PR na Perspectiva do Turismo","Ciências Sociais Aplicadas","Graziela Scalise Horodyski","Alex Sander Souza do Carmo","Trabalho aceito"
"Lucas Barauce de Oliveira Ribas","ESTUDO DA DEFORMAÇÃO CRIOGÊNICA DE UMA LIGA DE ALUMÍNIO AERONÁUTICO AA7050","Engenharias","Osvaldo Mitsuyuki Cintho","","Trabalho recusado"
"Lucas Carvalho Daniel","COMPARAÇÃO DE HEMORRAGIAS EM PACIENTE PÓS-ANGIOPLASTIA: UMA REVISÃO SISTEMÁTICA DO USO DE MONOTERAPIA COM INIBIDOR DO P2Y12 VS MONOTERAPIA COM ÁCIDO ACETILSALICÍLICO","Ciências da Saúde","Mário Augusto Cray da Costa","Lidia Dalgallo Zarpellon","Trabalho aceito"
"Lucas de Oliveira Margraf","Fonolito e muscovita como fontes de potássio para o milho cultivado em solos arenoso e argiloso","Ciências Agrárias","Adriel Ferreira da Fonseca","Eduardo Augusto Agnellos Barbosa","Trabalho aceito"
"Lucas Gabriel Alves Petrech","PROTEÇÃO CONTRA MANCHA ANGULAR NA CULTURA DO FEIJÃO, A CAMPO, COM PRODUTOS ALTERNATIVOS","Ciências Agrárias","Maristella Dalla Pria","Eduardo Augusto Agnellos Barbosa","Trabalho aceito"
"Lucas Rudolfo Schuchardt","Obtenção de um substrato anódico para célula a combustível condutora protônica em configuração tubular.","Engenharias","Adilson Luiz Chinelatto","","Para avaliação"
"Lucas Vinicius Kaspzack","Práticas de Humanidades Digitais: O processo de digitalização do Jornal da Manhã no Laboratório de Humanidades Digitais e as práticas de inovação tecnológica para o historiador","Ciências Humanas","Niltonci Batista Chaves","Maria Isabel Moura Nascimento","Trabalho aceito"
"Lucas Woytichoski de Santa Clara","O PROCESSO EDUCACIONAL DOS IMIGRANTES POLONESES NO ESTADO DO PARANÁ","Ciências Humanas","Paola Andressa Scortegagna","Luiz Alexandre Gonçalves Cunha","Trabalho aceito"
"Luigi Mustafa Tozetto","AVALIAÇÃO HISTOLÓGICA DA CICATRIZAÇÃO IN VIVO APÓS TRATAMENTO COM HIDROGEL TERMOSSENSIVEL INCORPORADO COM PEPTÍDEOS EXTRAÍDOS DE PELE DE TILÁPIA","Ciências da Saúde","Priscileila Colerato Ferrari","Jane Manfron","Trabalho aceito"
"Luis Gustavo Ferreira Costa","DETERMINAÇÃO DA ESTABILIDADE DE NANOCÁPSULAS POLIMÉRICAS CARREADAS COM PIPERINA","Ciências Exatas e da Terra","Andressa Novatski","Cássia Gonçalves Magalhães","Trabalho aceito"
"Luis Roberto Molotto","Identificação de fissuras em concreto por meio de redes neurais convolucionais","Ciências Exatas e da Terra","Luciano José Senger","Rosane Falate","Trabalho aceito"
"Luise Boni Sartori","AVALIAR PARÂMETROS HEMODINÂMICOS APÓS REALIZAÇÃO DO TRATAMENTO PERIODONTAL NÃO-CIRÚRGICO","Ciências da Saúde","Fábio André dos Santos","Luis Antonio Esmerino","Trabalho aceito"
"Luiz Eduardo Martincoski","VOLUMES DE CALDA NA PULVERIZAÇÃO DE HERBICIDA COM VEÍCULO AÉREO NÃO TRIPULADO (VANT) PARA O CONTROLE DE BUVA","Ciências Agrárias","Luiz Claudio Garcia","Adriana de Souza Martins","Trabalho aceito"
"Luiz Fernando Marinhak","ANÁLISE COMPARATIVA HISTOLÓGICA E HISTOTÉCNICA  EM ANIMAIS HEPATECTOMIZADOS E NÃO-HEPATECTOMIZADOS","Ciências da Saúde","Vitoldo Antonio Kozlowski Junior","Luis Antonio Esmerino","Trabalho aceito"
"Luiz Guilherme Kruger de Oliveira","Desempenho no método de séries pareadas agonista-antagonista (paa) com diferentes cargas de exaustão","Ciências da Saúde","Rodolfo Andre Dellagrana","Julio Cesar Miné","Trabalho aceito"
"Luiz Henrique Vargas de Andrade","SARCOPENIA DO MÚSCULO MASSETER E SEUS EFEITOS NA MORTALIDADE EM PACIENTES COM TRAUMATISMO CRANIANO E ALTERAÇÕES TOMOGRÁFICAS","Ciências da Saúde","Leonardo Christiaan Welling","Fabiana Bucholdz Teixeira Alves","Trabalho aceito"
"Luiz Othavio Roldan de Souza","DESENVOLVIMENTO DE TECNOLOGIAS AMBIENTAIS PARA DEGRADAÇÃO E DETECÇÃO DE DISRUPTOR ENDÓCRINO","Ciências Exatas e da Terra","Suellen Aparecida Alves","Giuliano Gadioli La Guardia","Trabalho aceito"
"Luiz Roberto Cavassola Ribas","CARACTERÍSTICAS DE SOBREVIVENTES DE LONGO PRAZO EM PACIENTES COM CÂNCER DE MAMA METASTÁTICO HER-2 POSITIVO: REVISÃO SISTEMÁTICA E META-ANÁLISE","Ciências da Saúde","Fabio Postiglione Mansani","","Para avaliação"
"Luiza Kaminoski Gomes","POESIA, HISTÓRIA E IDENTIDADE LOCAL/REGIONAL NA OBRA DE RIBAS SILVEIRA (1943-1999)","Ciências Humanas","Antonio Paulo Benatte","Maria Isabel Moura Nascimento","Trabalho aceito"
"Luize Renata Victor de Oliveira","AVALIAÇÃO DA ATIVIDADE ANTIMICROBIANA DE HIDROLISADO DE PELE DE TILÁPIA (Oreochromis niloticus) COMPLEXADO COM ZINCO","Ciências da Saúde","Flávio Luís Beltrame","Jane Manfron","Trabalho aceito"
"Maiara Aparecida da Luz","APLICAÇÃO DOS SUBPRODUTOS DO PROCESSAMENTO DA BATATA NA OBTENÇÃO DE HIDROGÉIS","Ciências Agrárias","Juliana Bonametti Olivato","Eliane Dalva Godoy","Trabalho aceito"
"Maiza Pellissari Migliorini","DOENÇA HEPÁTICA GORDUROSA NÃO ALCOÓLICA EXPERIMENTAL INDUZIDA POR DIETA RICA EM COLESTEROL","Ciências da Saúde","Mário Claudio Soares Sturzeneker","Lidia Dalgallo Zarpellon","Trabalho aceito"
"Manuela Bertelli Dimbarre","EQUAÇÕES DE DIFUSÃO NÃO-LINEARES E DIFUSÃO ANÔMALA","Ciências Exatas e da Terra","Aloisi Somer","Andressa Novatski","Trabalho aceito"
"Manuela de Oliveira Marcondes","MATERNIDADE E TRADIÇÃO: REPRESENTAÇÕES NO FILME RED: CRESCER É UMA FERA","Ciências Humanas","Georgiane Garabely Heil Vázquez","Maria Isabel Moura Nascimento","Trabalho aceito"
"Marcela Caroline Gomes","PERFIL MICROBIOLÓGICO DAS PRINCIPAIS INFECÇÕES RELACIONADAS À ASSISTÊNCIA À SAÚDE EM UNIDADE DE TERAPIA INTENSIVA DE UM HOSPITAL UNIVERSITÁRIO","Ciências Biológicas","Carmen Antonia Sanches Ito","Susete Wambier Christo","Trabalho aceito"
"Marcela Milek Podolan","AVALIAÇÃO DA RESPOSTA IMUNE EM JUVENIS DE TILÁPIAS DO NILO ALIMENTADAS COM DIETAS SUPLEMENTADAS COM DIFERENTES NÍVEIS DE VITAMINA A","Ciências Agrárias","Valéria Rossetto Barriviera","Wilson Massamitu Furuya","Trabalho aceito"
"Marcela Nabozny Fagundes","ÍNDICE DE QUALIDADE FÍSICA DO SOLO EM ENCOSTA SOB PLANTIO DIRETO COM TERRACEAMENTO AGRÍCOLA","Ciências Agrárias","Eduardo Augusto Agnellos Barbosa","Adriana de Souza Martins","Trabalho aceito"
"Marcelle Fatel Muraki","INTEGRAÇÃO DE TÉCNICAS DE INTELIGÊNCIA ARTIFICIAL NA GESTÃO DE DADOS AGRÍCOLAS","Ciências Exatas e da Terra","Maria Salete Marcon Gomes Vaz","Cássia Gonçalves Magalhães","Trabalho aceito"
"Marcos Gabriel Sa Bonin","CINEMA NACIONAL: SUA IMPORTÂNCIA COMO RECURSO DIDÁTICO NA EDUCAÇÃO","Linguística, Letras e Artes","Adriana Rodrigues Suarez","Josie Agatha Parrilha da Silva","Trabalho recusado"
"Marcos Vinicius Jonack","EFEITO DA APLICAÇÃO DE ÁCIDO ABSCÍSICO NO AMADURECIMENTO DO MELÃO: ANÁLISE DOS COMPOSTOS POR RMN","Ciências Agrárias","Ricardo Antonio Ayub","Adriana de Souza Martins","Trabalho aceito"
"Maressa Ribas dos Santos","PADRÃO DE ESPECIALIZAÇÃO DO COMÉRCIO INTERNACIONAL DO MUNICÍPIO DE PONTA GROSSA (PR): PERÍODO 2019 - 2023","Ciências Sociais Aplicadas","Alex Sander Souza do Carmo","Hebe Maria Gonçalves de Oliveira","Trabalho aceito"
"Maria Andryelly Olibratoski Stanski","DISTRIBUIÇÃO ESPACIAL DAS EMISSÕES DE GASES DE EFEITO ESTUFA EMITIDOS PELA AGROPECUÁRIA BRASILEIRA ENTRE OS ANOS DE 1990 a 2020","Ciências Sociais Aplicadas","Alysson Luiz Stege","Alex Sander Souza do Carmo","Trabalho aceito"
"Maria Antonia Netto Gomes","OS CASOS DE RACISMO NO FUTEBOL BRASILEIRO","Ciências Sociais Aplicadas","Natasha Santos Lise","Eliezer Gomes da Silva","Trabalho aceito"
"Maria Antonia Peixer Reghin","O DIREITO À CIDADE NA JURISPRUDÊNCIA DA JUSTIÇA ESTADUAL DO RIO DE JANEIRO E DO ESPÍRITO SANTO:  UMA TENTATIVA DE LEVANTAMENTO E SISTEMATIZAÇÃO DE SUAS DECISÕES (1988 A 2024)","Ciências Sociais Aplicadas","Igor Sporch da Costa","Hebe Maria Gonçalves de Oliveira","Trabalho aceito"
"Maria Clara Anzuategui","ANÁLISE DAS ESTRATÉGIAS DE MARKETING DOS PRINCIPAIS ATRATIVOS TURÍSTICOS DE PONTA GROSSA: BURACO DO PADRE E PARQUE VILA VELHA","Ciências Sociais Aplicadas","Graziela Scalise Horodyski","Hebe Maria Gonçalves de Oliveira","Trabalho aceito"
"Maria Clara Bischof Chicalski","CIRURGIA DE CAVERNOMA DE TRONCO APÓS HEMORRAGIA: UMA REVISÃO DE LITERATURA","Ciências da Saúde","Leonardo Christiaan Welling","Lidia Dalgallo Zarpellon","Trabalho aceito"
"Maria Clara da Silva Rodriguez Rivas","Análise da prevalência de depressão e avaliação em saúde da população privada de liberdade da Penitenciária Estadual de Ponta Grossa - PR, Brasil","Ciências da Saúde","Fabiana Postiglione Mansani","Luis Antonio Esmerino","Trabalho aceito"
"Maria Cristina Piotrovski","OCORRÊNCIAS DE TORNADOS NO BRASIL NO ANO DE 2024","Ciências Exatas e da Terra","Karin Linete Hornes","Giuliano Gadioli La Guardia","Trabalho aceito"
"Maria Eduarda Beninca Taques","AVALIAÇÃO DO IMPACTO DE USO DO BEVACIZUMAB INTRA-ABDOMINAL NA REDUÇÃO DA GRAVIDADE E FREQUÊNCIA DE ADERÊNCIAS INTRA-ABDOMINAIS","Ciências da Saúde","Eurico Cleto Ribeiro de Campos","Fabiana Bucholdz Teixeira Alves","Trabalho aceito"
"Maria Eduarda do Nascimento","EFEITOS DO TREINAMENTO MULTICOMPONENTES NA APTIDÃO FÍSICA E ESTADO DE HUMOR DE PESSOAS IDOSAS","Ciências Biológicas","Bruno Pedroso","Susete Wambier Christo","Trabalho aceito"
"Maria Eduarda Ferreira Zultanski","BENEFÍCIOS DO LEITE MATERNO EM PREMATUROS: IMPACTO DO PROGRAMA DE INCENTIVO À DOAÇÃO","Ciências Sociais Aplicadas","Lislei Teresinha Preuss","Jussara Ayres Bourguignon","Trabalho aceito"
"Maria Eduarda Kviecinski Vaz","Caracterização de partículas de diferentes bioestimuladores","Ciências da Saúde","Giovana Mongruel Gomes Schmidt","Jane Manfron","Trabalho aceito"
"Maria Eduarda Medeiros","A Importância da Leitura Literária no Processo Seletivo da UEPG: Uma Experiência no Cursinho Popular.","Linguística, Letras e Artes","Silvana Oliveira","","Para avaliação"
"Maria Eduarda Oshiro Paixao","Caminhadas quânticas: propriedades e aplicações","Ciências Exatas e da Terra","Fabiano Manoel de Andrade","Cássia Gonçalves Magalhães","Trabalho aceito"
"Maria Eduarda Prado de Camargo","VITAMINA A PARA OTIMIZAR A RESPOSTA AO ESTRESSE OXIDATIVO PARA REDUZIR A INCIDÊNCIA DE CATARATA EM JUVENIS DE TILÁPIAS DO NILO","Ciências Agrárias","Wilson Massamitu Furuya","Adriana de Souza Martins","Trabalho aceito"
"Maria Eduarda Teleginski Bonissoni","DESENVOLVIMENTO DE COMPÓSITOS DE POLIETILENO VERDE COM RESÍDUO INDUSTRIAL DO PROCESSO DE PRODUÇÃO DE CAFÉ SOLÚVEL","Engenharias","Benjamim de Melo Carvalho","Gabriela Mazureki Campos Bahniuk","Trabalho aceito"
"Maria Fernanda de Mello Alvares Bento","O que dizem as pesquisas sobre o TDHA e o uso da ritalina no tratamento em estudantes: um olhar sobre os seus efeitos e contribuições","Ciências Humanas","Ana Lucia Pereira","Maria Isabel Moura Nascimento","Trabalho aceito"
"Maria Fernanda Voinarovicz","IMIGRANTES POLONESES E SEUS DESCENDENTES NA HISTORIOGRAFIA PARANAENSE: A OBRA DE RUY CHRISTOVAM WACHOWICZ (1966-2002)","Ciências Humanas","Antonio Paulo Benatte","Luiz Alexandre Gonçalves Cunha","Trabalho aceito"
"Maria Gabriela Drapalski","Lei n° 1401/2010: o reconhecimento dos ofícios tradicionais de saúde popular no município de Rebouças/Pr","Ciências Humanas","Elizabeth Johansen","Luiz Alexandre Gonçalves Cunha","Trabalho aceito"
"Maria Gabriele Meira","A POLÍTICA DE SAÚDE DE PONTA GROSSA: ASPECTOS DE INVESTIMENTOS, ATENDIMENTOS  E TERRITORIALIZAÇÃO","Ciências Sociais Aplicadas","Sandra Maria Scheffer","Jussara Ayres Bourguignon","Trabalho aceito"
"Maria Isadora Pereira","AVALIAÇÃO DA SAÚDE DO SOLO POR ANÁLISES ENZIMÁTICAS EM ÁREA EXPERIMENTAL DA FAZENDA ESCOLA ""CAPÃO DA ONÇA""","Ciências Biológicas","Carolina Weigert Galvão","Dionízia Xavier Scomparin","Trabalho aceito"
"Maria Luiza Julinhaque Beraldo","PERFIL EPIDEMIOLÓGICO DE PACIENTES HOSPITALIZADOS ACOMETIDOS POR ENCEFALITES EM UM HOSPITAL UNIVERSITÁRIO DO SUL DO BRASIL","Ciências Biológicas","Larissa Bail","Dionízia Xavier Scomparin","Trabalho aceito"
"Maria Luísa de Andrade Silva","AUTISMO E TECNOLOGIA ASSISTIVA: UMA REVISÃO SISTEMÁTICA","Ciências Humanas","Ana Lucia Pereira","Maria Isabel Moura Nascimento","Trabalho aceito"
"Maria Victoria Kovaliv","AVALIAÇÃO CLÍNICA DE UM COMPÓSITO AUTOPOLIMERIZÁVEL NO TRATAMENTO RESTAURADOR ATRAUMÁTICO EM DENTES DECÍDUOS: ESTUDO PILOTO PARA ENSAIO CLINICO RANDOMIZADO, DUPLO-CEGO E DE BOCA DIVIDIDA","Ciências da Saúde","Ana Claudia Rodrigues Chibinski","Fabiana Bucholdz Teixeira Alves","Trabalho recusado"
"Maria Vitoria Bueno Barbosa da Silva","LITERATURA INFANTIL CONTEMPORÂNEA E DISCURSOS SOBRE   REPRESENTAÇÃO DE CRIANÇAS NEGRAS","Linguística, Letras e Artes","Valeska Gracioso Carlos","Josie Agatha Parrilha da Silva","Trabalho aceito"
"Maria Vitoria da Silva Ferreira","A IMPORTÂNCIA DA DECOLONIZAÇÃO DA INSTITUIÇÃO MUSEOLÓGICA E SEU PAPEL EM RELAÇÃO ÀS COMUNIDADES INDÍGENAS","Linguística, Letras e Artes","Leticia Fraga","Josie Agatha Parrilha da Silva","Trabalho recusado"
"Maria Vitoria Ferreira dos Santos","INVESTIGAÇÃO DE Trypanosoma spp. EM SAGUIS (Callithrix sp.)","Ciências Biológicas","Iriane Eger","Susete Wambier Christo","Trabalho aceito"
"Maria Vitoria Pedroso","AVALIAÇÃO DOS EFEITOS DA ADIÇÃO DE DOIS TIPOS DE SILICATO DE ETILA EM ARGAMASSAS","Engenharias","Eloise Aparecida Langaro","Gabriela Mazureki Campos Bahniuk","Trabalho aceito"
"Mariana Baizan Schmidt","DEGRADAÇÃO DE POLIETILENO DE ALTA DENSIDADE COMPOSTÁVEL E SEU POTENCIAL DE  USO COMO FERTILIZANTE ORGÂNICO","Ciências Agrárias","Adriel Ferreira da Fonseca","Adriana de Souza Martins","Trabalho aceito"
"Mariana Moromisa M da Silveira","AS IMPLICAÇÕES DE EQUIVALÊNCIA TRADUTÓRIA NO LIVRO BABEL DE R.F. KUANG","Linguística, Letras e Artes","Alvaro Kasuaki Fujihara","Josie Agatha Parrilha da Silva","Trabalho aceito"
"Mariana Vieira Feldhaus","EXIGÊNCIA DE VITAMINA A PARA OTIMIZAR O DESEMPENHO, PARÂMETROS BIOQUÍMICOS DO PLASMA, HISTOMORFOMETRIA INTESTINAL E EXPRESSÃO DOS GENES GH E IGF-1 EM JUVENIS DE TILÁPIAS DO NILO","Ciências Agrárias","Wilson Massamitu Furuya","Eliane Dalva Godoy","Trabalho aceito"
"Mariane Grube Vargas","DESENVOLVIMENTO E AVALIAÇÃO DE SANEANTES SUSTENTÁVEIS COM BASE EM RECURSOS RENOVÁVEIS","Ciências Exatas e da Terra","Patrícia Los Weinert","Cássia Gonçalves Magalhães","Trabalho aceito"
"Mariluci Lemes Prestes Miranda","Levantamento dos cursos técnicos ligados ao turismo em Ponta Grossa e Região","Ciências Sociais Aplicadas","Rubia Gisele Tramontin Mascarenhas","Alex Sander Souza do Carmo","Trabalho aceito"
"Marina Kravchychyn Cappelletti","EFICÁCIA CLAREADORA DE DIFERENTES PONTEIRA DE APLICAÇÃO EM GÉIS CLAREADORES DE CONSULTÓRIO COM SERINGA ACOPLÁVEL","Ciências da Saúde","Alessandra Reis Silva Loguercio","Jane Manfron","Trabalho aceito"
"Masatoshi Yamamoto Junior","DESENVOLVIMENTO INDUSTRIAL E COMPETITIVIDADE: UMA ANÁLISE DOS MUNICÍPIOS BRASILEIROS","Ciências Sociais Aplicadas","Augusta Pelinski Raiher","Alex Sander Souza do Carmo","Trabalho aceito"
"Mateus Adriano Batista","Honoré de Balzac e a busca de uma História dos Costumes: uma análise de Eugénie Grandet","Linguística, Letras e Artes","Andrea Correa Paraiso Muller","Alvaro Kasuaki Fujihara","Trabalho aceito"
"Matheus de Oliveira Prestes","IMPACTO DA DOENÇA RENAL CRÔNICA NO PROGNÓSTICO DE PACIENTES COM ENDOCARDITE INFECCIOSA","Ciências da Saúde","Elise Souza dos Santos Reis","Jane Manfron","Trabalho aceito"
"Matheus Erevaldo Krüger Gebeluca","Algumas aplicações do Cálculo Fracionário na Física","Ciências Exatas e da Terra","Jocemar de Quadros Chagas","Andressa Novatski","Trabalho aceito"
"Matheus Felipe Lazarotto","CARACTERIZAÇÃO QUÍMICAE MINERALÓGICA DE UM PERFIL DE INTEMPERISMO DA FORMAÇÃO PONTA GROSSA - PR","Engenharias","Isonel Sandino Meneguzzo","","Trabalho recusado"
"Matheus Henrique Krepel","MODA E HISTÓRIA PÚBLICA: HISTORIANDO O ACERVO DILMA OZÓRIO ATRAVÉS DA PRODUÇÃO AUDIOVISUAL NO MUSEU CAMPOS GERAIS","Ciências Humanas","Robson Laverdi","Maria Isabel Moura Nascimento","Trabalho aceito"
"Matheus Henrique Pawlak Silva","TRAJETÓRIA DA PESQUISA EM EDUCAÇÃO MATEMÁTICA NA PÓS-GRADUAÇÃO EM EDUCAÇÃO: O CASO DA UNIVERSIDADE FEDERAL DO PARANÁ","Ciências Humanas","Marceli Behm Goulart","Simone Regina Manosso Cartaxo","Trabalho aceito"
"Matheus Henrique Woiciechoski","A SUPERFÍCIE DE JOGO ALTERA AS RESPOSTAS TÉCNICO-TÁTICAS EM PARTIDAS DE FU-TEBOL? UM ESTUDO COM JOVENS ATLETAS EM GRAMA NATURAL E SINTÉTICA","Ciências Biológicas","Bruno Pedroso","Marcia Regina Paes de Oliveira","Trabalho aceito"
"Matheus Jose Prestes","AVALIAÇÃO E VALORIZAÇÃO DE ACESSO DE  Ipomoea batatas    (L.) Lam NA PRODUÇÃO DE BIOCOMBUSTÍVEIS","Ciências Exatas e da Terra","Sandra Regina Masetto Antunes","Andressa Novatski","Trabalho aceito"
"Matheus Von Jelita Salina","ANÁLISE DO PERFIL E DOS FATORES DE RISCO DE PACIENTES ASSOCIADOS A INFECÇÕES DE SÍTIO CIRÚRGICO EM UM HOSPITAL PÚBLICO DE PONTA GROSSA: UM ESTUDO CASO-CONTROLE","Ciências da Saúde","Ricardo Zanetti Gomes","Luis Antonio Esmerino","Trabalho aceito"
"Mayara Veronica Lemes do Carmo","EFEITO DA PALHADA  E DE PRECIPITAÇÃO PLUVIOMÉTROCA NA DINÂMICA DE HERBICIDAS PRÉ-EMERGENTES PARA O CONTROLE DE AZEVÉM","Ciências Agrárias","Giliardi Dalazen","Adriana de Souza Martins","Trabalho aceito"
"Maysa Ortolani Matera","DOENÇA HEPÁTICA GORDUROSA NÃO ALCOÓLICA EXPERIMENTAL INDUZIDA POR DIETA RICA EM LIPÍDEOS","Ciências da Saúde","Mário Claudio Soares Sturzeneker","Jane Manfron","Trabalho aceito"
"Melanie Wisniewski Bevervanso","MICROBIOTA ORAL DE PACIENTES NA UNIDADE DE TERAPIA INTENSIVA","Ciências da Saúde","Maria Dagmar da Rocha Gaspar","Lidia Dalgallo Zarpellon","Trabalho aceito"
"Mike André Sowa","POLARIZAÇÃO ROTATÓRIA NO VISÍVEL","Ciências Exatas e da Terra","Julio Flemming Neto","Giuliano Gadioli La Guardia","Trabalho aceito"
"Milena Castanho Cardoso","Suplementação com Lecitina de soja na dieta de vacas leiteiras : produção  de leite e consumo de matéria seca","Ciências Agrárias","Adriana de Souza Martins","Wilson Massamitu Furuya","Trabalho aceito"
"Milena de Jesus Maria","ANÁLISE DA RELAÇÃO ENTRE VARIÁVEIS CLIMÁTICAS E DOENÇAS NA SAFRA DE TRIGO","Ciências Exatas e da Terra","Maria Salete Marcon Gomes Vaz","Rosane Falate","Trabalho aceito"
"Milena Kosman Mocelim","PRODUÇÃO DE BIOFERTILIZANTE FLUÍDO A PARTIR DE POLIETILENO DE ALTA DENSIDADE COMPOSTÁVEL E AVERIGUAÇÃO DO SEU POTENCIAL AGRONÔMICO","Ciências Agrárias","Adriel Ferreira da Fonseca","Eduardo Augusto Agnellos Barbosa","Trabalho aceito"
"Milena Retechin","AUTOCUIDADO EM PESSOAS COM FIBROMIALGIA: EFEITOS DE UM PROGRAMA DE INTERVENÇÃO COM PRÁTICAS INTEGRATIVAS E COMPLEMENTARES EM SAÚDE EM UM HOSPITAL PÚBLICO DE ENSINO DO SUL DO BRASIL","Ciências da Saúde","Milene Zanoni da Silva","Pollyanna Kássia de Oliveira Borges","Trabalho aceito"
"Milena Zadra Prestes","STENT VERSUS EMBOLIZAÇÃO COM MOLAS AUXILIADA POR STENT PARA TRATAMENTO DE ANEURISMAS DISSECANTES INTRACRANIANOS: UMA META-ANÁLISE","Ciências da Saúde","Leonardo Christiaan Welling","Fabiana Bucholdz Teixeira Alves","Trabalho aceito"
"Milene Aiko Tizon","EDUCAÇÃO DA PESSOA  DEFICIENTE  E  EDUCAÇÃO INCLUSIVA  NAS TESES E DISSERTAÇÕES DE 2013 A 2023","Ciências Humanas","Rita de Cassia da Silva Oliveira","Maria Isabel Moura Nascimento","Trabalho aceito"
"Millena Gomes Ferreira","A IESOL - INCUBADORA DE EMPREENDIMENTOS SOLIDÁRIOS DA UEPG E INCUBAÇÃO DO GRUPO DO CENTRO DE ATENÇÃO PSICOSSOCIAL DE ÁLCOOL E OUTRAS DROGAS (CAPS-AD) EM PONTA GROSSA/PR","Ciências Sociais Aplicadas","Reidy Rolim de Moura","Jussara Ayres Bourguignon","Trabalho aceito"
"Moises Garcia da Silva","Identificação de moléculas pré-biótcas em regiões de formação estelar","Ciências Exatas e da Terra","Marcelo Emilio","Giuliano Gadioli La Guardia","Trabalho aceito"
"Monica Bartmeyer Machado","CONCENTRAÇÃO INIBITÓRIA MÍNIMA AO CRESCIMENTO DE ENTEROCOCCUS FAECALIS DE NANOPARTÍCULAS DE SÍLICA MESOPOROSA CARREGADAS COM PRATA E FOSFATO DE CÁLCIO","Ciências da Saúde","Vanessa Migliorini Urban","Luis Antonio Esmerino","Trabalho aceito"
"Monique Holubenko Ferreira","AVALIAÇÃO DO PAPEL DO SISTEMA GABAÉRGICO NO EFEITO ANSIOLÍTICO DA NANOEMULSÃO DO ÓLEO ESSENCIAL EXTRAÍDO DA RESINA DE Protium heptaphyllum","Ciências Biológicas","Edmar Miyoshi","Dionízia Xavier Scomparin","Trabalho aceito"
"Morgana Cercal da Silva","NANOFORMULAÇÕES NA MINIESTAQUIA DE ARAUCÁRIA","Ciências Biológicas","Rosimeri de Oliveira Fragoso","Dionízia Xavier Scomparin","Trabalho aceito"
"Murilo de Freitas Peres","Fabricação de uma Ice Cider:  crioconcentração, padronização, leveduras, cinética de fermentação e análise sensorial","Ciências Agrárias","Alessandro Nogueira","Eliane Dalva Godoy","Trabalho aceito"
"Murilo Padilha","Estudo do efeito da substituição de Sr por Ca na condutividade elétrica do La0.6Sr4CoO3-d","Engenharias","Adilson Luiz Chinelatto","Márcio Ferreira Hupalo","Trabalho aceito"
"Murilo Rodrigues","CALAGEM SUPERFICIAL E ADUBAÇÃO POTÁSSICA NA PRODUÇÃO DE TRIGO E SOJA EM SISTEMA PLANTIO DIRETO","Ciências Agrárias","Eduardo Fávero Caires","Eduardo Augusto Agnellos Barbosa","Trabalho aceito"
"Naiane Maria de Lima","A CONSTRUÇÃO DA IDENTIDADE DO PROFESSOR EM FORMAÇÃO INICIAL EM LETRAS: UMA ABORDAGEM EM LINGUÍSTICA APLICADA","Linguística, Letras e Artes","Djane Antonucci Correa","Glaci Luzia de Meira Hilgemberg","Trabalho aceito"
"Naiara Karen de Ramos","Branquitude em cursos de pós-graduação da UEPG","Linguística, Letras e Artes","Leticia Fraga","Alvaro Kasuaki Fujihara","Trabalho recusado"
"Natalia de Jesus Penteado","INFLUÊNCIA DO USO DE TRICHODERMA NA GERMINAÇÃO DAS CULTURAS DE MILHO, SOJA E FEIJÃO","Ciências Agrárias","Maristella Dalla Pria","Adriana de Souza Martins","Trabalho aceito"
"Natalia Rutzen","ASSÉDIOS NO AMBIENTE INSTITUCIONAL DE ENSINO SUPERIOR","Ciências Humanas","Marcela Teixeira Godoy","Maria Isabel Moura Nascimento","Trabalho aceito"
"Natalia Sanches","O DIREITO À CIDADE NA JURISPRUDÊNCIA DA JUSTIÇA ESTADUAL NORDESTINA:  UMA TENTATIVA DE LEVANTAMENTO E SISTEMATIZAÇÃO DE SUAS DECISÕES (1988 A 2024)","Ciências Sociais Aplicadas","Igor Sporch da Costa","Hebe Maria Gonçalves de Oliveira","Trabalho aceito"
"Natasha Tumps Cabral","RECICLAGEM DE EMBALAGENS DE PEAD UTILIZADAS EM PRODUTOS DE LIMPEZA","Engenharias","Adriane Bassani Sowek","Gabriela Mazureki Campos Bahniuk","Trabalho aceito"
"Nathalia Wacherski","INFLUÊNCIA DO CLIMA NA QUALIDADE DO LEITE E NA REPRODUÇÃO DE VACAS LEITEIRAS","Ciências Agrárias","Luciana da Silva Leal Karolewski","Wilson Massamitu Furuya","Trabalho aceito"
"Nathan Guilherme de Oliveira","ESTUDO DA DEFORMAÇÃO CRIOGÊNICA DE UM AÇO INOXIDÁVEL SUPERDÚPLEX 2507 - CONTINUAÇÃO: INFLUÊNCIA DA TAXA DE DEFORMAÇÃO","Engenharias","Osvaldo Mitsuyuki Cintho","Márcio Ferreira Hupalo","Trabalho aceito"
"Nicole Cristina Pokczyva","Escrita de si em Maryse Condé","Linguística, Letras e Artes","Andrea Correa Paraiso Muller","Keli Cristina Pacheco","Trabalho aceito"
"Nicole Piotrowski","DIVERSIDADE E ADAPTAÇÕES DA FLORA RUPÍCOLA DO PARQUE ESTADUAL DE VILA   VELHA, PONTA GROSSA, PR","Ciências Biológicas","Rosângela Capuano Tardivo Müller","Dionízia Xavier Scomparin","Trabalho aceito"
"Nicoli Saldanha Ricardo","Modelo complexo para a polarização de macrófagos M1 e M2 em contextos DAMPs e PAMPs","Ciências Biológicas","Giovani Marino Favero","Marcia Regina Paes de Oliveira","Trabalho aceito"
"Nicoli Stanski Rupel","O fenômeno El Niño de 2023-2024 e seus impactos  as  chuvas do Paraná","Ciências Exatas e da Terra","Airton Kist","Giuliano Gadioli La Guardia","Trabalho aceito"
"Nicolle Miller Santos","DESENVOLVIMENTO DE FÓRMULAS DE PEELING CONTENDO TRETINOÍNA","Ciências da Saúde","Patricia Mathias Döll Boscardin","Jane Manfron","Trabalho aceito"
"Nicolly Viana Maximiano","ESTIMATIVA DA ANÁLISE POLÍNICA DOS MÉIS DE MANDAÇAIA (Melipona quadrifasciata)","Ciências Agrárias","Maria Marta Loddi","Wilson Massamitu Furuya","Trabalho aceito"
"Nicoly de Simas","DIVERSIDADE TAXONÔMICA DE BACTÉRIAS ISOLADAS DE SOLOS CONTAMINADOS COM PETRÓLEO","Ciências Biológicas","Carolina Weigert Galvão","Dionízia Xavier Scomparin","Trabalho aceito"
"Nicoly Slobodzian do Vale","ANÁLISE DA PRODUÇÃO CIENTÍFICA ACERCA DA INSTITUCIONALIZAÇÃO DO CURSO DE FARMÁCIA NO PARANÁ, NA PRIMEIRA REPÚBLICA","Ciências Humanas","Vera Lucia Martiniak","Luiz Alexandre Gonçalves Cunha","Trabalho aceito"
"Nina Viecheneski Assis","INFLUÊNCIA DO ÂNGULO DE INCIDÊNCIA DA REFRAÇÃO NO FENÔMENTO DE DIFRAÇÃO NO INTERIOR DE UM LÍQUIDO","Ciências Exatas e da Terra","Aloisi Somer","Andressa Novatski","Trabalho aceito"
"Norton Ramses Canossa Mantey","FATORES PROGNÓSTICO DE TRAUMA CRANIOENCEFÁLICO LEVE. UMA METANÁLISE","Ciências da Saúde","Leonardo Christiaan Welling","Lidia Dalgallo Zarpellon","Trabalho aceito"
"Otavio Luis Dal Molin Folador","MACHINE LEARNING PARA DETECÇÃO DE PADRÕES DE CLASSIFICAÇÃO EM DADOS DE ANAMNESE E DE ANÁLISE CITOPATOLÓGICA PARA DETECÇÃO DE CÂNCER DE COLO DO ÚTERO","Engenharias","Alaine Margarete Guimarães","Gabriela Mazureki Campos Bahniuk","Trabalho aceito"
"Pablo Victorio Garcia Bach","LEVANTAMENTO FLORÍSTICO DAS FISIONOMIAS CAMPESTRES DO PARQUE BURACO DO PADRE, PONTA GROSSA, PARANÁ","Ciências Biológicas","Marta Regina Barrotto do Carmo","Marcia Regina Paes de Oliveira","Trabalho aceito"
"Paolla Peron Mocelin","DETERMINAÇÃO DA ESTABILIDADE DE NANOCÁPSULAS BASEADAS EM GOMA ACÁCIA","Ciências Exatas e da Terra","Andressa Novatski","Cássia Gonçalves Magalhães","Trabalho aceito"
"Paula Aparecida de Lima","CONSTRUÇÃO E CARACTERIZAÇÃO DE ELETRODOS DE DIFUSÃO GASOSA OBTIDOS A PARTIR DE RESÍDUOS SÓLIDOS","Ciências Exatas e da Terra","Suellen Aparecida Alves","Rosane Falate","Trabalho aceito"
"Paula Gabrielly Pinheiro Silva","Efeito do álcool etílico seguido da aplicação de silano na superfície de pinos de fibra de vidro fresados (CAD/CAM)","Ciências da Saúde","Giovana Mongruel Gomes Schmidt","Fabiana Bucholdz Teixeira Alves","Trabalho aceito"
"Paulo Augusto de Siqueira","Negritude e igrejas evangélicas: uma perspectiva dos Campos Gerais","Ciências Humanas","Ilton Cesar Martins","Luiz Alexandre Gonçalves Cunha","Trabalho aceito"
"Paulo Ricardo Bren","PREVALÊNCIA E SINTOMAS DA COVID-LONGA EM PESSOAS VIVENDO COM HIV/AIDS NO MUNICÍPIO DE PONTA GROSSA.","Ciências da Saúde","Erildo Vicente Müller","","Trabalho recusado"
"Pedro Afonso Kono","AVALIAÇÃO HISTOLÓGICA E IMUNOHISTOQUÍMICA DO PROCESSO CICATRICIAL DA FERIDA PÓS-OPERATÓRIA EM RATOS SUPLEMENTADOS COM CURCUMINA","Ciências da Saúde","Eurico Cleto Ribeiro de Campos","Jane Manfron","Trabalho aceito"
"Pedro Henrique Karpinski","Sarcopenia do Músculo Masseter no Prognóstico de Pacientes com TCE: Um Estudo Retrospectivo","Ciências da Saúde","Leonardo Christiaan Welling","Fabiana Bucholdz Teixeira Alves","Trabalho aceito"
"Pedro Mainardes","DIREITOS PERSONALISSIMOS FRENTE A NOVA ERA DIGITAL","Ciências Sociais Aplicadas","Zilda Mara Consalter","Eliezer Gomes da Silva","Trabalho aceito"
"Pedro Scheifer Rogerio","APTIDÃO AGRONÔMICA DE CULTIVARES DE SOJA NA REGIÃO DOS CAMPOS GERAIS","Ciências Agrárias","Rodrigo Rodrigues Matiello","Adriana de Souza Martins","Trabalho aceito"
"Pedro Vitor Maia Bettini Brito","Literacia em Saúde e adesão terapêutica de pessoas idosas em atendimento ambulatorial","Ciências da Saúde","Jacy Aurelia Vieira de Sousa","Lidia Dalgallo Zarpellon","Trabalho aceito"
"Peterson de Lara Chuartz","SINTESE E CARACTERIZAÇÃO DE HIDROGÉIS DE POLISSACARÍDEOS","Ciências Exatas e da Terra","Ernandes Taveira Tenório Neto","Andressa Novatski","Trabalho aceito"
"Pollyana Selestrino Andreassa","AVALIAÇÃO DO EFEITO DA ADMINISTRAÇÃO ORAL DE NANOCÁPSULAS DE  INSULINA SOBRE O DESEMPENHO DE RATOS ALIMENTADOS COM DIETA HIPERCALÓRICA","Ciências da Saúde","Leandro Cavalcante Lipinski","Pollyanna Kássia de Oliveira Borges","Trabalho aceito"
"Priscila Nivagsanh Lucas","A APRENDIZAGEM DO CONHECIMENTO TRADICIONAL NA FAMÍLIA E NA ESCOLA PELA CRIANÇA KAINGANG: UM ESTUDO BIBLIOGRÁFICO","Linguística, Letras e Artes","Leticia Fraga","Josie Agatha Parrilha da Silva","Trabalho recusado"
"Rafael dos Santos","Anel de Integração do Estado do Paraná: Fluidez e Porosidade Territorial na Região Geográfica Imediata de Ponta Grossa - PR","Ciências Humanas","Edson Belo Clemente de Souza","Simone Regina Manosso Cartaxo","Trabalho aceito"
"Rafael Francisco Grzesczyczen","PRODUÇÃO DA PEROVSKITA BaZr0,7Ce0,1Gd0,1Y0,1O3-δ  PARA USO COMO ELETRÓLITO SÓLIDO EM CÉLULAS A COMBUSTÍVEL DE ÓXIDO SÓLIDO","Engenharias","Adriana Scoton Antonio Chinelatto","Márcio Ferreira Hupalo","Trabalho aceito"
"Rafael Henrique Freire","Análise de Conteúdos sobre Doença de Chagas no Tik Tok","Ciências Exatas e da Terra","Jocemar de Quadros Chagas","","Para avaliação"
"Rafael Henrique Mauda Scos","REDES NEURAIS ARTIFICIAIS PARA DETECÇÃO DE ANOMALIAS EM DADOS AGROMETEOROLÓGICOS","Ciências Exatas e da Terra","Maria Salete Marcon Gomes Vaz","Rosane Falate","Trabalho aceito"
"Rafael Julinhaque Beraldo","CARACTERIZAÇÃO GEOTÉRMICA DE SOLO RESIDUAL POR MEIO DE ENSAIOS DE CAMPO EM VALAS E ESTACAS TROCADORAS DE CALOR","Engenharias","Carlos Emmanuel Ribeiro Lautenschlager","Gabriela Mazureki Campos Bahniuk","Trabalho aceito"
"Rafael Munakata Gohda de Sant'ana","ESTUDO DAS PROPRIEDADES DE HIDROGÉIS DE POLISSACARÍDEOS","Ciências Exatas e da Terra","Ernandes Taveira Tenório Neto","Cássia Gonçalves Magalhães","Trabalho aceito"
"Rafael Schultz Drzevieski","ESTIMATIVA DO TEOR DE BORO NO SOLO POR MEIO DE TÉCNICAS DE APRENDIZADO DE MÁQUINA","Engenharias","Alaine Margarete Guimarães","","Para avaliação"
"Rafael Veneri Rochinski","IDENTIFICAÇÃO DAS ALTERAÇÕES ANATOMOFISIOLÓGICAS DO CORAÇÃO CHAGÁSICO","Ciências Biológicas","Bruno Pedroso","Marcia Regina Paes de Oliveira","Trabalho aceito"
"Rafaela Baldykoski Ribas Santos","INTERAÇÕES ENTRE ÓXIDO DE ZINCO E NUTRIENTES NO DESEMEPENHO DE LEITÕES EM CRECHE","Ciências Agrárias","Cheila Roberta Lehnen","Wilson Massamitu Furuya","Trabalho aceito"
"Rafaela Cardoso","A AGENDA 2030 DA ONU: PERSPECTIVAS DE UMA EDUCAÇÃO PARA A CIDADANIA GLOBAL","Ciências Humanas","Nei Alberto Salles Filho","Luiz Alexandre Gonçalves Cunha","Trabalho aceito"
"Rafaela Cordeiro Kunau","ESTUDO DA DEFORMAÇÃO CRIOGÊNICA DE UMA LIGA DE TITÂNIO GRAU 1 - CONTINUAÇÃO: INFLUÊNCIA DA TAXA DE DEFORMAÇÃO","Engenharias","Osvaldo Mitsuyuki Cintho","","Para avaliação"
"Rafaela Fernanda C Oliveira","DESENVOLVIMENTO DE BEBIDA LÁCTEA FERMENTADA À BASE DE SORO DE LEITE DE CABRA ADICIONADA DE PSYLLIUM (Plantago ovata)","Ciências Agrárias","Renata Dinnies Santos Salem","Eliane Dalva Godoy","Trabalho aceito"
"Rafaela Ribas Bueno","A UNIVERSIDADE E A RELAÇÃO COM OS MOVIMENTOS SOCIAIS DE LUTA PELA TERRA EM PONTA GROSSA/PR E REGIÃO DO ENTORNO","Ciências Sociais Aplicadas","Reidy Rolim de Moura","Jussara Ayres Bourguignon","Trabalho aceito"
"Rafaela Tramontin","INFLUÊNCIA DE DIFERENTES PROTOCOLOS NO CLAREAMENTO DE CONSULTÓRIO: PENETRAÇÃO DE PERÓXIDO DE HIDROGÊNIO E EFICÁCIA CLAREADORA","Ciências Exatas e da Terra","Christiane Philippini Ferreira Borges","Andressa Novatski","Trabalho aceito"
"Rafaela Tzaskos Andrade","O lugar da política no jornal A Notícia (1978-1983)","Ciências Sociais Aplicadas","Marcelo Engel Bronosky","Hebe Maria Gonçalves de Oliveira","Trabalho aceito"
"Rafaelly Aparecida Duma","O USO DE FERRAMENTAIS DIGITAIS NA GESTÃO DO SISTEMA ÚNICO DE ASSISTÊNCIA SOCIAL - GOVERNO FEDERAL - MDS","Ciências Sociais Aplicadas","Lúcia Cortes da Costa","Jussara Ayres Bourguignon","Trabalho aceito"
"Rafaely Cristiane Stadler","ANÁLISE DA MICRODUREZA VICKERS DE CIMENTOS RESIONOSOS ATRAVÉS DE ZIRCONIA DE ALTA TRANSLUCIDEZ COM DIFERENTES FOTOPOLIMERIZADORES","Ciências da Saúde","César Augusto Galvão Arrais","Fabiana Bucholdz Teixeira Alves","Trabalho aceito"
"Raiane de Oliveira","ANÁLISE DE DIÂMETRO E ESPESSURA EM PRODUTOS COMERCIALIZADOS E ALTERNATIVOS UTILIZADOS PARA LIMPEZA INTERPROXIMAL ODONTOLÓGICA","Ciências da Saúde","Vitoldo Antonio Kozlowski Junior","Luis Antonio Esmerino","Trabalho aceito"
"Raiani de Oliveira Martins","CONTAGENS PLAQUETÁRIAS NA TROMBOCITOPENIA: MÉTODO DA IMPEDÂNCIA ELÉTRICA VERSUS FLUORESCENTE","Ciências da Saúde","Mariane de Faria Moss","Andressa Novatski","Trabalho aceito"
"Raisa Milena de Souza Kuhn","HIDROGÉIS DE PECTINA QUIMICAMENTE RETICULADOS: EFEITO DA COMPOSIÇÃO NAS PROPRIEDADES DO MATERIAL","Ciências Exatas e da Terra","Ernandes Taveira Tenório Neto","Andressa Novatski","Trabalho aceito"
"Ramon Augusto Teixeira","AVALIAÇÃO HISTOLÓGICA DA GORDURA RETROPERITONEAL E AVALIAÇÃO DE PESO EM RATOS ALIMENTADOS COM DIETA HIPERCALÓRICA SUBMETIDOS A TRATAMENTO COM ADMINISTRAÇÃO ORAL DE NANOCÁPSULAS DE INSULINA","Ciências da Saúde","Leandro Cavalcante Lipinski","Pollyanna Kássia de Oliveira Borges","Trabalho aceito"
"Ramon Henrique Guerlinguer Cruz","ANATOMIA COMPARADA: SIMILARIDADES E DISTINÇÕES ENTRE ÓRGAOS SUÍNOS E HUMANOS","Ciências Biológicas","Bruno Pedroso","Susete Wambier Christo","Trabalho aceito"
"Raphael Cesar Hampf de Oliveira","Uso do esterco semi-desidratado como cama para vacas em confinamento e seu efeito na composição do leite","Ciências Agrárias","Adriana de Souza Martins","Wilson Massamitu Furuya","Trabalho aceito"
"Raul Dias Moreira dos Santos","REDUÇÃO DO AMARGOR NO SUCO DE Citrus reticulata (PONKAN) POR BLEND COM SUCO CRIO-CONCENTRADO DE Citrus deliciosa (MEXERICA)","Ciências Agrárias","Alessandro Nogueira","Eliane Dalva Godoy","Trabalho aceito"
"Rayan Gabriel Comin","A RELAÇÃO ENTRE INTELIGÊNCIA ARTIFICIAL E EDUCAÇÃO FÍSICA: ANÁLISE DAS PRODUÇÕES ACADÊMICAS A PARTIR DO LANÇAMENTO DO CHATGPT","Ciências Sociais Aplicadas","Alfredo Cesar Antunes","Alex Sander Souza do Carmo","Trabalho aceito"
"Rebeca Obzut Mendes","ANÁLISE DA POLIDEZ NO AMBIENTE UNIVERSITÁRIO","Linguística, Letras e Artes","Alvaro Kasuaki Fujihara","Josie Agatha Parrilha da Silva","Trabalho aceito"
"Regiane Pavoski","ANÁLISE DA DINÂMICA DE RELAXAÇÃO TÉRMICA  APLICADA A TARSOS DE AVES GALIFORMES","Ciências Exatas e da Terra","Andressa Novatski","Giuliano Gadioli La Guardia","Trabalho aceito"
"Renan de Oliveira","Análise e caracterização de partículas de preenchedores bioestimuladores a base de hidroxiapatita comerciais","Ciências da Saúde","Giovana Mongruel Gomes Schmidt","Fabiana Bucholdz Teixeira Alves","Trabalho aceito"
"Renan Mateus de Oliveira","PNEUMONIA ASSOCIADA A VENTILAÇÃO MECÂNICA E A DEPENDÊNCIA DOS PACIENTES AOS CUIDADOS DE ENFERMAGEM: ANÁLISE DA ESCALA DE FUGULIN","Ciências da Saúde","Péricles Martim Reche","","Para avaliação"
"Renata Alves","COMPARAÇÃO ENTRE DIFERENTES INSTRUMENTOS NO TRATAMENTO PERIODONTAL NÃO CIRÚRGICO","Ciências da Saúde","Fábio André dos Santos","Julio Cesar Miné","Trabalho aceito"
"Renata Mello Calandrini","ABORDAGENS TERAPÊUTICAS PARA INSUFICIÊNCIA VENOSA CRÔNICA NA ATENÇÃO PRIMÁRIA: REVISÃO SISTEMÁTICA","Ciências da Saúde","Ricardo Zanetti Gomes","Luis Antonio Esmerino","Trabalho aceito"
"Renata Nadal Bayer","REPRODUÇÃO DE SINAIS DE ELETROCARDIOGRAMAS","Ciências Exatas e da Terra","Antonio Marcos Batista","Cássia Gonçalves Magalhães","Trabalho aceito"
"Renata Vettorazzi","OLHAR CRÍTICO DO USO DA INTELIGÊNCIA ARTIFICIAL NO PROCESSO DE ESCRITA E TRADUÇÃO NUM CENTRO DE ESCRITA ACADÊMICA (CEA)","Linguística, Letras e Artes","Isabel Cristina Vollet Marson","Josie Agatha Parrilha da Silva","Trabalho aceito"
"Renato Mandalozzo Tebcherani","RELAÇÃO ENTRE COMORBIDADES E AS  INFECÇÕES RELACIONADAS À ASSISTÊNCIA À SAÚDE DO TRATO URINÁRIO EM UM HOSPITAL NA REGIÃO SUL DO BRASIL","Ciências Biológicas","Elisangela Gueiber Montes","Dionízia Xavier Scomparin","Trabalho aceito"
"René Yuri Lemos","PELO DIREITO A AUTONOMEAÇÃO: USO DE NOME SOCIAL POR ADOLESCENTES TRANS NAS INSTITUIÇÕES DE ENSINO DA REDE ESTADUAL, EM PONTA GROSSA - PR","Linguística, Letras e Artes","Leticia Fraga","Josie Agatha Parrilha da Silva","Trabalho aceito"
"Ricardo Catapan Fidelis","AVALIAÇÃO DO USO DA ALGA SPHAGNUM MAGALLAMICUM NO TRATAMENTO DA INSUFIENCIA RENAL AGUDA EM RATOS ICTÉRICOS","Ciências da Saúde","Eurico Cleto Ribeiro de Campos","Andressa Novatski","Trabalho aceito"
"Rogerio Oliveira dos Santos","PROCEDIMENTOS DE SEGMENTAÇÃO NA DETERMINAÇÃO DE PROPRIEDADES FÍSICAS DO SOLO POR MICROTOMOGRAFIA DE RAIOS X","Ciências Exatas e da Terra","Luiz Fernando Pires","Rosane Falate","Trabalho aceito"
"Rubia Juliane Andrade Gomes","LEVANTAMENTO DE PRÁTICAS DE LETRAMENTO MUSICAL NO CANTO CORAL INFANTOJUVENIL  NO CANTO CORAL INFANTOJUVENIL","Linguística, Letras e Artes","Ronaldo da Silva","Josie Agatha Parrilha da Silva","Trabalho aceito"
"Rubia Maria Milas","Literacia em Saúde e cuidadores de pessoas idosas da comunidade","Ciências da Saúde","Jacy Aurelia Vieira de Sousa","","Para avaliação"
"Ryan Martins da Silva","ASSÉDIOS DE ESTUDANTES NO AMBIENTE INSTITUCIONAL DE ENSINO SUPERIOR","Ciências Humanas","Marcela Teixeira Godoy","Maria Isabel Moura Nascimento","Trabalho aceito"
"Sabrina da Silva Alves","Chi-Raq, uma recepção de Lisístrata na modernidade","Linguística, Letras e Artes","Jane Kelly de Oliveira","Keli Cristina Pacheco","Trabalho aceito"
"Samanta Aparecida Inacio da Silva","UTILIZAÇÃO DO FARELO E DO CARVÃO ATIVADO DE CASCA DE PINHÃO COMO BIOSORVENTE PARA CORANTES CATIÔNICOS E ANIÔNICOS.","Ciências Exatas e da Terra","Adriano Gonçalves Viana","Cássia Gonçalves Magalhães","Trabalho aceito"
"Samantha Yasmin Mello de Oliveira","AUTISMO NA UNIVERSIDADE: UMA REVISÃO SISTEMÁTICA","Ciências Humanas","Ana Lucia Pereira","Maria Isabel Moura Nascimento","Trabalho aceito"
"Samira Correa da Silva","O PROCESSO DE GENTRIFICAÇÃO E O DIREITO À CIDADE:  UMA TENTATIVA DE COMPARAÇÃO ENTRE SUAS CAUSAS E OS MEIOS DE CORREÇÃO NO REPOSITÓRIO DE TESES E DISSERTAÇÕES DA CAPES","Ciências Sociais Aplicadas","Igor Sporch da Costa","Eliezer Gomes da Silva","Trabalho aceito"
"Samuel Galvao Ribeiro","PONTA GROSSA COMO PALCO DE SUICÍDIOS NA DÉCADA DE 1950: Masculinidade, honra e violência social","Ciências Humanas","Ilton Cesar Martins","Simone Regina Manosso Cartaxo","Trabalho aceito"
"Sandy Ferreira de Lima Czornobay","METODOLOGIA ATIVA PARA INSTRUMENTALIZAR A TEORIA DO ALCANCE DE METAS DE IMOGENE KING NO PROGRAMA HIPERDIA DA ATENÇÃO PRIMÁRIA À SAÚDE","Ciências da Saúde","Juliana Regina Dias Mikowski","Lidia Dalgallo Zarpellon","Trabalho aceito"
"Sara Bomfim Cinque","Identidade, Nacionalismo e História em Avatar: A Lenda de Aang, (2005-2008).","Ciências Humanas","Erivan Cassiano Karvat","Maria Isabel Moura Nascimento","Trabalho aceito"
"Sergio Demichurki","AS AÇÕES IMPLEMENTADAS DE FORMAÇÃO ESPORTIVA NO ESTADO DO PARANÁ","Ciências Sociais Aplicadas","Paulo Sérgio Ribeiro","Alex Sander Souza do Carmo","Trabalho aceito"
"Sofia Helena Borck da Fonseca","DEFICIÊNCIA DE VITAMINA A E DEFORMIDADES NOS OSSOS PRE-MAXILAR, MAXILAR E MANDIBULAR DE JUVENIS DE TILÁPIAS DO NILO ALIMENTADOS COM DIETAS DEFICIENT","Ciências Agrárias","Valéria Rossetto Barriviera","Wilson Massamitu Furuya","Trabalho aceito"
"Sofia Silveira Debtil","DISPERSÃO DE NANOPARTÍCULAS DE CARBONO E PRODUÇÃO DE PASTAS DE CIMENTO PORTLAND CONTENDO PLURONIC F127 E AGENTE ANTIESPUMA","Engenharias","Eduardo Pereira","Gabriela Mazureki Campos Bahniuk","Trabalho aceito"
"Sophia Bueno Cunha","A DIVULGAÇÃO CIENTÍFICA DE GRUPOS E PESQUISA EM POLÍTICAS PÚBLICAS DE ESPORTE EM PLATAFORMAS DE MÍDIA SOCIAL","Ciências Sociais Aplicadas","Paulo Sérgio Ribeiro","Hebe Maria Gonçalves de Oliveira","Trabalho aceito"
"Stefani Eurich","DETERMINAÇÃO DE AMIDO EM GENÓTIPOS DE BATATA-DOCE (Ipomoea batatas L.)","Ciências Agrárias","Pedro Henrique Weirich Neto","Eliane Dalva Godoy","Trabalho aceito"
"Stephanie Vieira Strasburger","Parcelamento da adubação nitrogenada em  Pak-Choi","Ciências Agrárias","Amanda Regina Godoy Baptistão","Eduardo Augusto Agnellos Barbosa","Trabalho aceito"
"Sthefany Barreto Pereira","SATISFAÇÃO COM A VIDA E O SIGNIFICADO DO EDENTULISMO PARA PACIENTES PORTADORES DE PRÓTESE TOTAL","Ciências da Saúde","Cristina Berger Fadel","Fabiana Bucholdz Teixeira Alves","Trabalho aceito"
"Tais Juliane Pasiecznik","ANÁLISE DE PARTIDAS: A RELAÇÃO DOS ASPECTOS TÉCNICO-TÁTICOS COM O RESULTADO FINAL DAS PARTIDAS DA COPA DO MUNDO FIFA 2022.","Ciências Biológicas","Bruno Pedroso","Dionízia Xavier Scomparin","Trabalho aceito"
"Tamirys Antonia Chaves","Relação entre Mulheres e a Arte nos Campos Gerais: impasses e uso da arte como resistência","Ciências Humanas","Angela Ribeiro Ferreira","Simone Regina Manosso Cartaxo","Trabalho aceito"
"Tarik Yussef Batista","AVALIAÇÃO HISTOMORFOMÉTRICA DA MUCOSA ILEAL EM RATOS ALIMENTADOS COM DIETA HIPERCALÓRICA SUBMETIDOS A TRATAMENTO COM ADMINISTRAÇÃO ORAL DE NANOCÁPSULAS DE INSULINA","Ciências da Saúde","Leandro Cavalcante Lipinski","Andressa Novatski","Trabalho aceito"
"Tayna Swviatorvski","AVALIAÇÃO DA ATIVIDADE MICROBIOLÓGICA DE NANOPARTÍCULAS CONTENDO ÓLEO ESSENCIAL DE CAPIM LIMÃO","Ciências da Saúde","Flávio Luís Beltrame","Jane Manfron","Trabalho aceito"
"Taynara Andrade de Lima","CARACTERIZAÇÃO TECNOLÓGICA APÓS CONGELAMENTO DE DISCOS DE PIZZAS ISENTOS DE GLÚTEN PLANT-BASED ENRIQUECIDOS COM SUBPRODUTOS AGROINDUSTRIAIS","Ciências Agrárias","Eliane Dalva Godoy","Adriana de Souza Martins","Trabalho aceito"
"Thais de Almeida Teixeira","EMPODERAMENTO E CAPACITAÇÃO MATERNA: FORTALECIMENTO DOS CUIDADOS NA PRIMEIRÍSSIMA INFÂNCIA","Ciências da Saúde","Fabiana Bucholdz Teixeira Alves","Lidia Dalgallo Zarpellon","Trabalho aceito"
"Thais de Lima da Silva","ANÁLISE COMPARATIVA TEMPORAL DO IMPACTO DA ABORDAGEM MULTIDISCIPLINAR EM MUDANÇAS NOS HÁBITOS DE VIDA DE PACIENTES CARDIOLÓGICOS AMBULATORIAIS","Ciências da Saúde","Mário Claudio Soares Sturzeneker","","Trabalho recusado"
"Thais Novak da Silva","O USO DE SEMENTES DE PORONGO COMO ESTABILIZANTE DE NANOPARTCÍCULAS METÁLICAS","Ciências Exatas e da Terra","Karen Wohnrath","Cássia Gonçalves Magalhães","Trabalho aceito"
"Thais Scortegagna","ANÁLISE DE USO DE ANGIOTOMOGRAFIA COMPUTADORIZADA PARA DIAGNÓSTICO DE MORTE ENCEFÁLICA","Ciências da Saúde","Leonardo Christiaan Welling","Pollyanna Kássia de Oliveira Borges","Trabalho aceito"
"Thales Sierpin dos Santos","PRÁTICAS DE LINGUAGEM NO ENSINO DE LÍNGUA PORTUGUESA: ESTUDO DISCURSIVO DAS POLÍTICAS EDUCACIONAIS","Linguística, Letras e Artes","Eliane Santos Raupp","","Trabalho aceito"
"Thallyan Rafael Carneiro da Luz","PANORAMA DAS LEIS ESTADUAIS DE INCENTIVO AO ESPORTE NO BRASIL","Ciências Sociais Aplicadas","Natasha Santos Lise","Hebe Maria Gonçalves de Oliveira","Trabalho aceito"
"Thamirys Eduarda Marques","INCIDÊNCIA DE INFECÇÃO EM PACIENTES COM CATÉTER VENOSO CENTRAL E VESICAL DE DEMORA  EM UNIDADE TERAPIA INTENSIVA","Ciências da Saúde","Maria Dagmar da Rocha Gaspar","Lidia Dalgallo Zarpellon","Trabalho aceito"
"Thamyris Roberta Camargo Bueno","DESENVOLVIMENTO DE DISCOS DE PIZZAS ISENTOS DE GLÚTEN PLANT-BASED ENRIQUECIDOS COM FARINHAS DE SUBPRODUTOS AGROINDUSTRIAIS","Ciências Agrárias","Eliane Dalva Godoy","Adriana de Souza Martins","Trabalho aceito"
"Thaylla Cruz Oliveira","PREPARAÇÃO E CARACTERIZAÇÃO DE ELETRODOS COM SUPERFÍCIES MODIFICADAS COM NANOPARTÍCULAS METÁLICAS OBTIDAS POR SÍNTESE VERDE","Ciências Exatas e da Terra","Christiana Andrade Pessôa","Giuliano Gadioli La Guardia","Trabalho aceito"
"Thaynara Luizy Bobato","UTILIZAÇÃO DE POLIELETRÓLITOS DO TIPO SILSESQUIOXANO MODIFICADOS COM NANOPARTICULAS METÁLICAS PARA A CONSTRUÇÃO DE SENSORES ELETROQUÍMICOS","Ciências Exatas e da Terra","Christiana Andrade Pessôa","Cássia Gonçalves Magalhães","Trabalho aceito"
"Thayse Cruchelski","CENTRALIZAÇÃO E DISSEMINAÇÃO DE INFORMAÇÕES CIENTÍFICAS NA PRÁTICA FARMACÊUTICA PARA DESENVOLVIMENTO DE UMA PLATAFORMA DIGITAL","Ciências da Saúde","Gerusa Clazer Halila Possagno","Julio Cesar Miné","Trabalho aceito"
"Thiago Bet Haag","SELEÇÃO DE BACTÉRIAS SOLUBILIZADORAS DE FOSFATO A PARTIR DE RAÍZES E RIZOSFERA DE GENÓTIPOS DE ERVA-MATE (ILEX PARAGUARIENSIS)","Ciências Biológicas","Jesiane Stefania da Silva Batista","Dionízia Xavier Scomparin","Trabalho aceito"
"Thiago de Souza","ALGORITMO DE REDUÇÃO DE ARTEFATO METÁLICO EM TOMOGRAFIAS DE FEIXE CÔNICO DE PROTESES DENTARIAS PARA PLANEJAMENTO DIGITAL DE IMPLANTES EM PACIENTES EDÊNTULOS","Ciências da Saúde","Gilson Cesar Nobre Franco","Fabiana Bucholdz Teixeira Alves","Trabalho aceito"
"Thiago Machado","Explorando Mundos: Um Censo dos Exoplanetas Descobertos","Ciências Exatas e da Terra","Marcelo Emilio","Giuliano Gadioli La Guardia","Trabalho aceito"
"Thiago Martins","Análise das alterações histológicas em tecido gengival suíno causadas por fotopolimerizador a base de laser de diodo de alta potência","Ciências da Saúde","César Augusto Galvão Arrais","Fabiana Bucholdz Teixeira Alves","Trabalho aceito"
"Thiago Martins Figueiredo","ANÁLISE DA PREVALÊNCIA DE DOENÇAS CRÔNICAS NÃO TRANSMISSÍVEIS E AVALIAÇÃO EM SAÚDE DA POPULAÇÃO PRIVADA DE LIBERDADE DA PENITENCIÁRIA ESTADUAL DE PONTA GROSSA","Ciências da Saúde","Fabiana Postiglione Mansani","Luis Antonio Esmerino","Trabalho aceito"
"Thiago Rafael Felipe","Levantamento sobre as restrições legislativas sobre a espécie exótica Spathodea campanulata no Brasil","Ciências Biológicas","Cristiane Colodel","","Trabalho aceito"
"Tiago Marques do Carmo","PRÁTICA PEDAGÓGICA DOS AGENTES DE SEGURANÇA SOCIOEDUCATIVO DO CENTRO DE SOCIOEDUCAÇÃO REGIONAL DE PONTA GROSSA/PR","Ciências Humanas","Paola Andressa Scortegagna","Simone Regina Manosso Cartaxo","Trabalho aceito"
"Tiago Niedjevski","RESPOSTA DE CULTIVARES DE SOJA A DOSES DE Azospirillum brasilense EM COINOCULAÇÃO","Ciências Agrárias","Rodrigo Rodrigues Matiello","Adriana de Souza Martins","Trabalho aceito"
"Valeria Engel de Camargo","CATALISADORES  OBTIDOS DE DIFERENTES FONTES PARA  PROCESSOS DE  REMOÇÃO DE MOLÉCULAS ORGÂNICAS","Ciências Exatas e da Terra","Éder Carlos Ferreira de Souza","Cássia Gonçalves Magalhães","Trabalho aceito"
"Valeria Maria Koliky","Uso de Bactérias Promotoras de Crescimento e Fertilização Foliar na  Cultura do Brócolis","Ciências Agrárias","Ricardo Antonio Ayub","Eliane Dalva Godoy","Trabalho aceito"
"Victor Alexandre de O Sluzala","Avaliação da acurácia e precisão dos arquivos digitais de preparos intra-radiculares em diferentes elementos dentais, obtidos por scanner intra-oral","Ciências da Saúde","Adriana Postiglione Buhrer Samra","Fabiana Bucholdz Teixeira Alves","Trabalho aceito"
"Victor Alexandre Santos","Dinâmicas Urbanas em Ponta Grossa - PR: o método PSSS como alternativa para a leitura do Bairro Chapada","Ciências Humanas","Nisiane Madalozzo Wambier","Luiz Alexandre Gonçalves Cunha","Trabalho aceito"
"Victor Angelo Legat Cerqueira","APRIMORAMENTO DE UMA BASE DE ANOTAÇÕES DE VARIANTES GENÉTICAS DE L1 EM DISTÚRBIOS DO NEURODESENVOLVIMENTO","Ciências Exatas e da Terra","Adriano Ferrasa","Rosane Falate","Trabalho aceito"
"Victor Hugo Oliveira Gomes","AVALIAÇÃO DA UREIA E CREATININA NO EFEITO DA ADMINISTRAÇÃO ORAL DE NANOCÁPSULAS DE INSULINA EM RATOS ALIMENTADOS COM DIETA HIPERCALÓRICA","Ciências da Saúde","Leandro Cavalcante Lipinski","Andressa Novatski","Trabalho aceito"
"Victor Leonardo Alves de Jesus","BROMAÇÃO ELETROQUÍMICA DO P-XILENO E DO 2,5-DICIANO-P-XILENO","Ciências Exatas e da Terra","Jarem Raul Garcia","","Para avaliação"
"Victoria da Fonseca","Elementos de uma história da pesquisa em Jornalismo do Brasil: registros do desenvolvimento da Associação Brasileira de Pesquisadores de Jornalismo - SBPJor (2003-2024)","Ciências Sociais Aplicadas","Felipe Simão Pontes","","Aguardando submissão"
"Viktor de Assis Vivas","HISTÓRIA DA ÁFRICA NOS LIVROS DIDÁTICOS DE HISTÓRIA","Ciências Humanas","Angela Ribeiro Ferreira","","Trabalho recusado"
"Vinicius Adriano Gorte","EZOOGNÓSIA DOS PORCOS DA RAÇA MOURA DA FAZENDA ESCOLA CAPÃO DA ONÇA- ANO 2024/2025","Ciências Agrárias","Maria Marta Loddi","Wilson Massamitu Furuya","Trabalho aceito"
"Vinicius Cordeiro de Moraes","Resposta ao tratamento de sementes com bioestimulantes e bactérias diazotróficas pela cultura da cevada","Ciências Agrárias","Silvana Ohse","","Para avaliação"
"Vinicius Custodio","ELABORAÇÃO DE MATERIAIS DIDÁTICOS PARA O DESENVOLVIMENTO DE UMA PLATAFORMA DE ENSINO","Ciências da Saúde","Gerusa Clazer Halila Possagno","Lidia Dalgallo Zarpellon","Trabalho aceito"
"Vinicius Duarte Machado","Avaliação do efeito da temperatura e pH no mecanismo de intumescimento de hidrogéis baseados em pectina","Ciências Exatas e da Terra","Ernandes Taveira Tenório Neto","Andressa Novatski","Trabalho aceito"
"Vinicius Eduardo Hilgert Milek","AVALIAÇÃO HISTOMORFOMÉTRICA DO EFEITO DA ADMINISTRAÇÃO ORAL DE NANOCÁPSULAS DE INSULINA NA MUCOSA JEJUNAL EM RATOS ALIMENTADOS COM DIETA HIPERCALÓRICA","Ciências da Saúde","Leandro Cavalcante Lipinski","Andressa Novatski","Trabalho recusado"
"Vinicius Gustavo Bobrovski","ANÁLISE DO IMPACTO DAS COMORBIDADES NA MORTALIDADE POR ENDOCARDITE INFECCIOSA","Ciências da Saúde","Elise Souza dos Santos Reis","Luis Antonio Esmerino","Trabalho aceito"
"Vinicius Rodrigo Orza","VOZES EM DISPUTA: EXPERIÊNCIAS DE PORTAIS FEMINISTAS INDEPENDENTES NA COBERTURA DA AGENDA DE GÊNERO NA ARGENTINA","Ciências Sociais Aplicadas","Karina Janz Woitowicz","","Aguardando submissão"
"Vinicius Vieira de Lima","Avaliação da acurácia e precisão dos arquivos digitais obtidos por escaner intra-oral utilizando diferentes profundidades e diâmetros de canais radiculares.","Ciências da Saúde","Adriana Postiglione Buhrer Samra","Fabiana Bucholdz Teixeira Alves","Trabalho aceito"
"Virginia Luiza Galvao","A CONSTRUÇÃO DA VIOLÊNCIA DE GÊNERO DENTRO DE UMA SOCIEDADE PÓS COLONIAL:  UM RECORTE DE NOTÍCIAS NO JORNAL EL PAÍS ENTRE 2016 E 2020","Ciências Humanas","Angela Ribeiro Ferreira","Simone Regina Manosso Cartaxo","Trabalho aceito"
"Virginia Salamucha Carneiro","MULHERES  E DESENVOLVIMENTO SOCIOECONÔMICO A PARTIR DA FESU (FEIRA DE ECONOMIA SOLIDÁRIA DA UEPG)","Ciências Sociais Aplicadas","Reidy Rolim de Moura","Jussara Ayres Bourguignon","Trabalho aceito"
"Vitor Hugo Moro Pironatto","ANÁLISE DOS MICRORGANISMOS IDENTIFICADOS EM PACIENTES QUE DESENVOLVERAM INFECÇÕES NO SÍTIO CIRÚRGICO EM UM HOSPITAL DE MÉDIO PORTE  NO SUL DO BRASIL","Ciências da Saúde","Ricardo Zanetti Gomes","Luis Antonio Esmerino","Trabalho aceito"
"Vitor Ramos de Oliveira","AVALIAÇÃO DA POLIMERIZAÇÃO DE UM CIMENTO RESINOSO FOTOPOLIMERIZÁVEL SOBRE ZIRCÔNIAS DE ALTA TRANSLUCIDEZ","Ciências da Saúde","João Carlos Gomes","Fabiana Bucholdz Teixeira Alves","Trabalho aceito"
"Vitor Soares Mendes","ANÁLISE DA EVOLUÇÃO CLÍNICA DOS CASOS DE PACIENTES COM PONTE MIOCÁRDICA DE ARTÉRIA CORONÁRIA INTERVENTRICULAR ANTERIOR COM LESÕES CORONARIANAS ASSOCIADAS","Ciências da Saúde","Mário Augusto Cray da Costa","Luis Antonio Esmerino","Trabalho aceito"
"Vitoria Bahls","MEMÓRIA, HISTÓRIA, PATRIMÔNIO E ARTE: O ACERVO DE ARTES DA UNIVERSIDADE ESTADUAL DE PONTA GROSSA","Linguística, Letras e Artes","Patricia Camera Varella","Josie Agatha Parrilha da Silva","Trabalho aceito"
"Vitoria Eloisa Ribeiro","SÍNTESE, CARACTERIZAÇÃO E ESTUDO ADMET DAS PIRAZOLINAS 5-(FURANO-2-IL)-3-(3-NITROFENIL)-4,5-DIIDRO-1H-PIRAZOL-1-CARBOXAMIDA E 5-(FURANO-2-IL)-3-(4-NITROFENIL)-4,5-DIIDRO-1H-PIRAZOL-1-CARBOXAMIDA","Ciências Exatas e da Terra","Barbara Celânia Fiorin","Giuliano Gadioli La Guardia","Trabalho aceito"
"Vitoria Freitas Caetano de Oliveira","Entre Estrelas e Mitos: Um Estudo sobre a Etnoastronomia dos Povos Indígenas Brasileiros","Ciências Exatas e da Terra","Marcelo Emilio","Rosane Falate","Trabalho aceito"
"Vitoria Gabriela Ribeiro Maryniuk","EXPLORANDO OS COMPLEXOS DE RUTÊNIO COMO MODIFICADORES DE SUPERFÍCIES DE CARBONO","Ciências Exatas e da Terra","Karen Wohnrath","Cássia Gonçalves Magalhães","Trabalho aceito"
"William Guilherme Plaviak","DISSEMINAÇÃO DE DISCURSOS E OPINIÕES NA REDE SOCIAL X : UM ESTUDO NETNOGRÁFICO SOBRE A LEI DAS APOSTAS ESPORTIVAS","Ciências Sociais Aplicadas","Paulo Sérgio Ribeiro","Alex Sander Souza do Carmo","Trabalho aceito"
"Wilson Schemberger Oliveira","ANÁLISE DA PREVALÊNCIA E ADESÃO AO TRATAMENTO DE HIV DE UMA POPULAÇÃO PRIVADA DE LIBERDADE DA PENITENCIÁRIA ESTADUAL DE PONTA GROSSA","Ciências da Saúde","Fabiana Postiglione Mansani","Luis Antonio Esmerino","Trabalho aceito"
"Yasmim Brick Santos","PREVALÊNCIA DE CO-INFECÇÃO TUBERCULOSE E HIV E FATORES ASSOCIADOS EM UMA CIDADE DE MÉDIO PORTE DO PARANÁ","Ciências da Saúde","Erildo Vicente Müller","","Trabalho aceito"
"Yasmin Lara Amanajás de Miranda","DETERMINAÇÃO DA DENSIDADE DE VIDROS TELURETOS NO SISTEMA TeO2-BaO-ZnO","Ciências Exatas e da Terra","Andressa Novatski","Cássia Gonçalves Magalhães","Trabalho aceito"
"Yasmin Pais Valenga","Detecção, perfil epidemiológico e clínico de mulheres em terapia antirretroviral em município de médio porte do Paraná: 2014-2024","Ciências da Saúde","Pollyanna Kássia de Oliveira Borges","Lidia Dalgallo Zarpellon","Trabalho aceito"
"Ygor de Oliveira","INTELIGÊNCIA ARTIFICIAL E IMAGEM: REPRODUÇÃO DE ESTEREÓTIPOS DE GÊNERO, RAÇA E CULTURA GERADAS POR ALGORITMOS","Linguística, Letras e Artes","Josie Agatha Parrilha da Silva","Alvaro Kasuaki Fujihara","Trabalho aceito"
"Yran Augusto de Lima Batista","EXPLORANDO A INFLUÊNCIA DO MEIO SOCIAL NO USO DE CIGARROS ELETRÔNICOS: UM ESTUDO ENTRE ESTUDANTES DE MEDICINA DA UNIVERSIDADE ESTADUAL DE PONTA GROSSA","Ciências da Saúde","Ricardo Zanetti Gomes","Lidia Dalgallo Zarpellon","Trabalho aceito"
"Yrys Vitorya Costa Antunes","ANÁLISE DA PRODUÇÃO CIENTÍFICA DOS LIVROS ESCOLARES EM LÍNGUA ESTRANGEIRA NO PARANÁ, NA PRIMEIRA REPÚBLICA","Ciências Humanas","Vera Lucia Martiniak","Simone Regina Manosso Cartaxo","Trabalho aceito"
"Ângela Godri de Oliveira","A FÍSICA DOS FOGUETES DE GARRAFA PET","Ciências Exatas e da Terra","Gerson Kniphoff da Cruz","","Trabalho recusado"
"Érik Lucio Mocelin","DESEMPENHO EM TERMINAÇÃO DE CORDEIROS, SUBMETIDOS OU NÃO À MAMADA CONTROLADA","Ciências Agrárias","Raquel Abdallah da Rocha Oliveira","Adriana de Souza Martins","Trabalho aceito"